-- MySQL dump 10.13  Distrib 5.1.56, for pc-linux-gnu (i686)
--
-- Host: localhost    Database: ahorras_mendoza
-- ------------------------------------------------------
-- Server version	5.1.56-community

/*!40101 SET @OLD_CHARACTER_SET_CLIENT=@@CHARACTER_SET_CLIENT */;
/*!40101 SET @OLD_CHARACTER_SET_RESULTS=@@CHARACTER_SET_RESULTS */;
/*!40101 SET @OLD_COLLATION_CONNECTION=@@COLLATION_CONNECTION */;
/*!40101 SET NAMES utf8 */;
/*!40103 SET @OLD_TIME_ZONE=@@TIME_ZONE */;
/*!40103 SET TIME_ZONE='+00:00' */;
/*!40014 SET @OLD_UNIQUE_CHECKS=@@UNIQUE_CHECKS, UNIQUE_CHECKS=0 */;
/*!40014 SET @OLD_FOREIGN_KEY_CHECKS=@@FOREIGN_KEY_CHECKS, FOREIGN_KEY_CHECKS=0 */;
/*!40101 SET @OLD_SQL_MODE=@@SQL_MODE, SQL_MODE='NO_AUTO_VALUE_ON_ZERO' */;
/*!40111 SET @OLD_SQL_NOTES=@@SQL_NOTES, SQL_NOTES=0 */;

--
-- Table structure for table `category`
--

DROP TABLE IF EXISTS `category`;
/*!40101 SET @saved_cs_client     = @@character_set_client */;
/*!40101 SET character_set_client = utf8 */;
CREATE TABLE `category` (
  `id` bigint(20) NOT NULL AUTO_INCREMENT,
  `name` varchar(255) NOT NULL,
  PRIMARY KEY (`id`),
  UNIQUE KEY `name` (`name`)
) ENGINE=InnoDB AUTO_INCREMENT=17 DEFAULT CHARSET=latin1;
/*!40101 SET character_set_client = @saved_cs_client */;

--
-- Dumping data for table `category`
--

LOCK TABLES `category` WRITE;
/*!40000 ALTER TABLE `category` DISABLE KEYS */;
INSERT INTO `category` VALUES (13,'Bebés y Niños'),(9,'Celulares - Telefonía'),(6,'Computación - Electrónica'),(14,'Deportes - Gimnasios'),(2,'Electrodomésticos'),(3,'Espectáculos'),(12,'Estética y Belleza'),(10,'Gastronomía y vinos'),(11,'Helados - cafeterías'),(5,'Hogar y Muebles'),(7,'Hotelería y Turismo'),(1,'Ropa y Accesorios'),(15,'Salud - Profesionales'),(16,'Servicios');
/*!40000 ALTER TABLE `category` ENABLE KEYS */;
UNLOCK TABLES;

--
-- Table structure for table `deal`
--

DROP TABLE IF EXISTS `deal`;
/*!40101 SET @saved_cs_client     = @@character_set_client */;
/*!40101 SET character_set_client = utf8 */;
CREATE TABLE `deal` (
  `id` bigint(20) NOT NULL AUTO_INCREMENT,
  `type` varchar(1) NOT NULL,
  `category_id` bigint(20) DEFAULT NULL,
  `starts_at` datetime NOT NULL,
  `ends_at` datetime NOT NULL,
  `offer` bigint(20) DEFAULT NULL,
  `real_value` bigint(20) DEFAULT NULL,
  `title` varchar(255) NOT NULL,
  `description` text NOT NULL,
  `image` varchar(255) DEFAULT NULL,
  `created_at` datetime NOT NULL,
  `updated_at` datetime NOT NULL,
  `bought_count` bigint(20) NOT NULL,
  `visited_count` bigint(20) NOT NULL,
  `printed_count` bigint(20) NOT NULL,
  `featured` text NOT NULL,
  `conditions` text NOT NULL,
  `seller` varchar(255) NOT NULL,
  `newsletter_title` varchar(50) DEFAULT NULL,
  PRIMARY KEY (`id`),
  KEY `deal_category_id_idx` (`category_id`),
  CONSTRAINT `deal_category_id_category_id` FOREIGN KEY (`category_id`) REFERENCES `category` (`id`)
) ENGINE=InnoDB AUTO_INCREMENT=30 DEFAULT CHARSET=latin1;
/*!40101 SET character_set_client = @saved_cs_client */;

--
-- Dumping data for table `deal`
--

LOCK TABLES `deal` WRITE;
/*!40000 ALTER TABLE `deal` DISABLE KEYS */;
INSERT INTO `deal` VALUES (2,'O',12,'2011-12-20 01:00:00','2011-12-20 23:55:00',30,400,'Mística Método Pilates','<p>La plataforma vibratoria es un m&eacute;todo de entrenamiento que usa la vibraci&oacute;n para optimizar el rendimiento funcional y deportivo Ideal para combatir la flacidez y la celulitis. Reduce el estr&eacute;s y aumenta el tono y la fuerza muscular Las sesiones duran 30 minutos y son dirigidas por un entrenador especializado Adem&aacute;s, el centro cuenta con clases de Pilates y sesiones de electroestimulaci&oacute;n Beneficio adicional: 30% de descuento en las primeras cuatro clases de Pilates Record&aacute; que el Groupon ser&aacute; enviado a tu mail una vez finalizada esta oferta.</p>','30bcf16f554b16773bb12e7684b8a85438dbe914.jpg','2011-05-15 20:54:02','2012-05-06 08:54:30',120,20,0,'<ul>\r\n<li>Combinado de 40 piezas</li>\r\n<li>Para consumo en restaurant o delivery sin cargo en Abasto, Almagro, Recoleta, Barrio Norte y Palermo (delivery tiene costo adicional para otras zonas)</li>\r\n<li>Antigua casona remodelada</li>\r\n</ul>\r\n<p><strong><strong>Record&aacute; que el voucher se va a enviar a tu mail una vez que finalice el tiempo que dura esta oferta.</strong></strong></p>','<div>\r\n<ul>\r\n<li>Cup&oacute;n v&aacute;lido por 6 meses. No acumulable con otras promociones</li>\r\n<li>Mi&eacute;rcoles a s&aacute;bados 20:30 a 00:30 hs, s&oacute;lo con reserva previa llamando al (011) 4866 1323 o al (011) 4866 1388<strong></strong></li>\r\n</ul>\r\n</div>\r\n<div><strong>Un cup&oacute;n cada 2 personas para consumir en el local. Un cup&oacute;n por domicilio para delivery. Pod&eacute;s regalar todos los que quieras</strong></div>','Prueba','Mística Método Pilates'),(3,'O',12,'2011-12-21 00:00:00','2011-12-21 23:55:00',20,100,'A Tus Pies en Buenas Manos','<p>Destacados El spa de manos y pies consiste en dermopulido con sales del Mar Muerto e hidrataci&oacute;n con parafina Se incluye aplicaci&oacute;n de cremas y esmaltado con secado instant&aacute;neo V&aacute;lido para hombres y mujeres Beneficio adicional: 30% off en podolog&iacute;a cl&iacute;nica Record&aacute; que el Groupon ser&aacute; enviado a tu mail una vez finalizada esta oferta.</p>','5318a21e35ea7980e04e2407f982bbf21c11f29f.jpg','2011-05-15 20:58:25','2012-05-06 07:49:29',12,15,4,'<div style=\"font-family: arial; font-size: 12px; background-color: #ffffff; border-style: initial; border-color: initial; line-height: 16px; color: #484848; padding: 10px;\">\r\n<p style=\"border-style: initial; border-color: initial; font-size: 12px;\">Destacados El spa de manos y pies consiste en dermopulido con sales del Mar Muerto e hidrataci&oacute;n con parafina Se incluye aplicaci&oacute;n de cremas y esmaltado con secado instant&aacute;neo V&aacute;lido para hombres y mujeres Beneficio adicional: 30% off en podolog&iacute;a cl&iacute;nica Record&aacute; que el Groupon ser&aacute; enviado a tu mail una vez finalizada esta oferta.</p>\r\n</div>','<div style=\"font-family: arial; font-size: 12px; background-color: #ffffff; border-style: initial; border-color: initial; line-height: 16px; color: #484848; padding: 10px;\">\r\n<p style=\"border-style: initial; border-color: initial; font-size: 12px;\">Destacados El spa de manos y pies consiste en dermopulido con sales del Mar Muerto e hidrataci&oacute;n con parafina Se incluye aplicaci&oacute;n de cremas y esmaltado con secado instant&aacute;neo V&aacute;lido para hombres y mujeres Beneficio adicional: 30% off en podolog&iacute;a cl&iacute;nica Record&aacute; que el Groupon ser&aacute; enviado a tu mail una vez finalizada esta oferta.</p>\r\n</div>','Eva','A Tus Pies en Buenas Manos'),(4,'D',1,'2011-12-06 00:00:00','2011-12-31 23:45:00',10,250,'Faustino Resto','<p>Pod&eacute;s revisar el men&uacute; aqu&iacute; Los platos son de autor y se sirven en loza inglesa u oriental El servicio de mesa est&aacute; incluido Record&aacute; que el Groupon ser&aacute; enviado a tu mail una vez finalizada esta oferta.</p>\r\n<p>&nbsp;</p>\r\n<p>http://faustinoresto.com.ar</p>','4d61aeec293be50fa3cdc94b135ad38f64ab894d.jpg','2011-05-15 21:02:45','2012-05-05 20:23:24',37,26,0,'<ul>\r\n<li>Pod&eacute;s revisar el men&uacute; aqu&iacute;</li>\r\n<li>Los platos son de autor y se sirven en loza inglesa u oriental</li>\r\n<li>El servicio de mesa est&aacute; incluido Record&aacute; que el Groupon ser&aacute; enviado a tu mail una vez finalizada esta oferta.</li>\r\n</ul>\r\n<p>&nbsp;</p>\r\n<p><strong>El servicio de mesa est&aacute; incluido Record&aacute; que el Groupon ser&aacute; enviado a tu mail una vez finalizada esta oferta.</strong></p>','<ul>\r\n<li>Pod&eacute;s revisar el men&uacute; aqu&iacute;</li>\r\n<li>Los platos son de autor y se sirven en loza inglesa u oriental</li>\r\n<li>El servicio de mesa est&aacute; incluido Record&aacute; que el Groupon ser&aacute; enviado a tu mail una vez finalizada esta oferta.</li>\r\n</ul>\r\n<p>&nbsp;</p>\r\n<p>El servicio de mesa est&aacute; incluido Record&aacute; que el Groupon ser&aacute; enviado a tu mail una vez finalizada esta oferta.</p>','Faustino','Faustino Resto'),(5,'D',10,'2011-04-19 08:15:00','2012-05-18 10:00:00',60,100,'¡Probá algo distinto en Brands! ','<p>Picada americana para 4 personas: - Aros de cebolla - Papas fritas - Chicken wings - Nachos con dos salsas a elecci&oacute;n Para brindar y acompa&ntilde;ar 4 medias pintas Si abon&aacute;s $8 tendr&aacute;s refill de cerveza Y por $32 podr&aacute;s complementar tu picada con cualquier pizza o calzone a elecci&oacute;n &iexcl;Viv&iacute; una salida distinta con amigos! Los cupones estar&aacute;n disponibles en tu cuenta de Groupalia una vez finalizada la oferta.</p>','327a2be543b9f44b8f448d1f1c2df369359ffaaa.jpg','2011-05-15 21:06:31','2012-05-08 18:55:32',7,27,0,'<p>abc abc&nbsp;abc abc&nbsp;abc abc&nbsp;abc abc&nbsp;abc abc&nbsp;abc abc&nbsp;abc abc&nbsp;abc abc&nbsp;abc abc&nbsp;abc abc&nbsp;abc abc&nbsp;abc abc&nbsp;abc abc&nbsp;abc abc&nbsp;abc abc&nbsp;abc abc&nbsp;abc abc&nbsp;abc abc&nbsp;abc abc&nbsp;abc abc&nbsp;abc abc&nbsp;abc abc&nbsp;abc abc&nbsp;abc abc&nbsp;abc abc vabc abc&nbsp;abc abc&nbsp;abc abc&nbsp;</p>','<div style=\"font-family: arial; font-size: 12px; background-color: #ffffff; border-style: initial; border-color: initial; line-height: 16px; color: #484848; padding: 10px;\">\r\n<p style=\"border-style: initial; border-color: initial; font-size: 12px;\">bc abc&nbsp;</p>\r\n</div>\r\n<div style=\"font-family: arial; font-size: 12px; background-color: #ffffff; border-style: initial; border-color: initial; line-height: 16px; color: #484848; padding: 10px;\">\r\n<p style=\"border-style: initial; border-color: initial; font-size: 12px;\">abc abc&nbsp;</p>\r\n</div>\r\n<div style=\"font-family: arial; font-size: 12px; background-color: #ffffff; border-style: initial; border-color: initial; line-height: 16px; color: #484848; padding: 10px;\">\r\n<p style=\"border-style: initial; border-color: initial; font-size: 12px;\">abc abc&nbsp;</p>\r\n</div>','FULANO','BRANDS!'),(6,'O',12,'2011-12-21 01:00:00','2012-04-21 08:35:00',75,200,'¡Devolvé la vitalidad a tu cabello!','<p>Tratamiento capilar rejuvenecedor Realizado con productos de Keratina importados Devolv&eacute; la vitalidad a tu cabello de la mano de profesionales con 30 a&ntilde;os de trayectoria Con tu cup&oacute;n, 30% de descuento en alisado fot&oacute;nico cerrado a base de keratina</p>','22e2b13e0788d16f4bafc4488fbc90b20ad67c7a.jpg','2011-05-15 21:07:51','2012-05-06 00:17:46',2,16,2,'<div style=\"font-family: arial; font-size: 12px; background-color: #ffffff; border-style: initial; border-color: initial; line-height: 16px; color: #484848; padding: 10px;\">\r\n<p style=\"border-style: initial; border-color: initial; font-size: 12px;\">Tratamiento capilar rejuvenecedor Realizado con productos de Keratina importados Devolv&eacute; la vitalidad a tu cabello de la mano de profesionales con 30 a&ntilde;os de trayectoria Con tu cup&oacute;n, 30% de descuento en alisado fot&oacute;nico cerrado a base de keratina</p>\r\n</div>','<div style=\"font-family: arial; font-size: 12px; background-color: #ffffff; border-style: initial; border-color: initial; line-height: 16px; color: #484848; padding: 10px;\">\r\n<p style=\"border-style: initial; border-color: initial; font-size: 12px;\">Tratamiento capilar rejuvenecedor Realizado con productos de Keratina importados Devolv&eacute; la vitalidad a tu cabello de la mano de profesionales con 30 a&ntilde;os de trayectoria Con tu cup&oacute;n, 30% de descuento en alisado fot&oacute;nico cerrado a base de keratina</p>\r\n</div>','FULANO','mire que lindo'),(7,'D',3,'2011-12-21 00:07:00','2011-12-21 23:07:00',40,40,'Descuento especial en entradas para el show','<p>Destacados Una localidad para &lsquo;El libro m&aacute;gico de las princesas I&rsquo; Gran despliegue escenogr&aacute;fico y de luces M&uacute;sica, actores, t&iacute;teres y mucho humor &iexcl;Ven&iacute; a so&ntilde;ar con las princesas! Los cupones estar&aacute;n disponibles en tu cuenta una vez finalizada la oferta.</p>','72de0dc118e53166a5e3af1336cc8fffd5437ff4.jpg','2011-05-15 21:10:21','2012-05-06 01:17:24',0,14,2,'<div style=\"border-style: initial; border-color: initial; padding: 10px;\">\r\n<p style=\"border-style: initial; border-color: initial;\">Destacados Una localidad para &lsquo;El libro m&aacute;gico de las princesas I&rsquo; Gran despliegue escenogr&aacute;fico y de luces M&uacute;sica, actores, t&iacute;teres y mucho humor &iexcl;Ven&iacute; a so&ntilde;ar con las princesas! Los cupones estar&aacute;n disponibles en tu cuenta una vez finalizada la oferta.</p>\r\n</div>','<div style=\"border-style: initial; border-color: initial; padding: 10px;\">\r\n<p style=\"border-style: initial; border-color: initial;\">Destacados Una localidad para &lsquo;El libro m&aacute;gico de las princesas I&rsquo; Gran despliegue escenogr&aacute;fico y de luces M&uacute;sica, actores, t&iacute;teres y mucho humor &iexcl;Ven&iacute; a so&ntilde;ar con las princesas! Los cupones estar&aacute;n disponibles en tu cuenta una vez finalizada la oferta.</p>\r\n</div>','Prueba','Descuento especial en entradas para el show'),(8,'O',10,'2012-03-19 00:10:00','2012-04-30 12:25:00',60,50,'Sushi En super ofertón','<p>15 piezas de sushi a domicilio: - 5 unidades de New Flame - 4 unidades de Ebi - 2 niguiris ahumados - 2 unidades de salm&oacute;n - 2 Philadelphia Productos frescos y de primera calidad Sabores y texturas orientales deliciosas para tu paladar Wakusei sushi: la calidad siempre en la puerta de tu casa</p>','98ca3b00bfc85400c736cc3850ac3de84cc845a3.jpg','2011-05-15 21:12:40','2012-05-06 02:16:06',100,10,0,'<div style=\"font-family: arial; font-size: 12px; background-color: #ffffff; border-style: initial; border-color: initial; line-height: 16px; color: #484848; padding: 10px;\">\r\n<p style=\"border-style: initial; border-color: initial; font-size: 12px;\">15 piezas de sushi a domicilio: - 5 unidades de New Flame - 4 unidades de Ebi - 2 niguiris ahumados - 2 unidades de salm&oacute;n - 2 Philadelphia Productos frescos y de primera calidad Sabores y texturas orientales deliciosas para tu paladar Wakusei sushi: la calidad siempre en la puerta de tu casa</p>\r\n</div>','<div style=\"font-family: arial; font-size: 12px; background-color: #ffffff; border-style: initial; border-color: initial; line-height: 16px; color: #484848; padding: 10px;\">\r\n<p style=\"border-style: initial; border-color: initial; font-size: 12px;\">15 piezas de sushi a domicilio: - 5 unidades de New Flame - 4 unidades de Ebi - 2 niguiris ahumados - 2 unidades de salm&oacute;n - 2 Philadelphia Productos frescos y de primera calidad Sabores y texturas orientales deliciosas para tu paladar Wakusei sushi: la calidad siempre en la puerta de tu casa</p>\r\n</div>','Prueba','Sushi'),(9,'D',11,'2012-04-20 08:12:00','2012-04-24 16:12:00',60,60,'Helaaaaaaaadoooooooo!!!','<p>Cup&oacute;n v&aacute;lido por 1kg de helado de El Noble. Vigencia: 1 mes. V&aacute;lido de lunes a jueves de 11:30 a 14:30 hs y de 19:30 a 23:00 hs. S&oacute;lo para retirar por mostrador. Sabores a elecci&oacute;n. V&aacute;lido hasta agotar stock. Sucursales El Noble adheridas Capital Federal Medrano 396- Almagro Montevideo 894- Barrio Norte Av. Montes de Oca 298- Barracas Av. Monroe 2956- Belgrano Av.La Plata (cjo. Cinemark)- Caballito N. Repetto 1378- Caballito Av. F. Lacroze 2822- Colegiales Ram&oacute;n Falc&oacute;n 2508- Flores Av. Rivadavia 8516- Floresta Carhu&eacute; 87- Liniers Av. Cabildo 3431- Nu&ntilde;ez Ecuador 1179- Once Av. Scalabrini Ortiz 1662- Palermo Bollini 2900- Palermo Dean Funes 2169- Parque Patricios Av. Independencia 1776- San Cristobal Av. Corrientes 5131- Villa Crespo Av. Mosconi 3543- Villa Pueyredon Roosvelt 5227- Villa Urquiza Gran Buenos Aires Norte San Mart&iacute;n 1659-Florida Av. Marquez 2919- Lomas de San Isidro G. Marconi 1483- Olivos Av. Constituyentes 50- Pacheco I Ruta 202 n&deg; 676- Torcuato H. Dunant 1060- San Fernando Av. Centenario 577- San Isidro Independencia 4843- Villa Ballester Gran Buenos Aires Sur Av. Belgrano 876- Avellaneda Calle 473 y 13b- City Bell A del Valle 86- Lanus Buenos Aires 283- Monte Grande Mitre 751- Quilmes Av. Mitre 6564- Wilde Gran Buenos Aires Oeste Andres Ferreyra- Caseros Moreno 69- Ramos Mejia J.D. Peron 1877- San Miguel La Plata Calle 44 n&deg; 865- La Plata Avenida 7 n&deg; 1206- La Plata</p>','f5b97f86010aca4b50f704b7d8023d931fc4a905.jpg','2011-05-15 21:15:57','2012-05-06 06:44:26',60,6,0,'<div style=\"font-family: arial; font-size: 12px; background-color: #ffffff; border-style: initial; border-color: initial; line-height: 16px; color: #484848; padding: 10px;\">\r\n<p style=\"border-style: initial; border-color: initial; font-size: 12px;\">Probando&nbsp;Probando&nbsp;Probando&nbsp;Probando&nbsp;</p>\r\n</div>\r\n<div style=\"font-family: arial; font-size: 12px; background-color: #ffffff; border-style: initial; border-color: initial; line-height: 16px; color: #484848; padding: 10px;\">\r\n<p style=\"border-style: initial; border-color: initial; font-size: 12px;\">Probando&nbsp;Probando&nbsp;Probando&nbsp;Probando&nbsp;</p>\r\n</div>\r\n<div style=\"font-family: arial; font-size: 12px; background-color: #ffffff; border-style: initial; border-color: initial; line-height: 16px; color: #484848; padding: 10px;\">\r\n<p style=\"border-style: initial; border-color: initial; font-size: 12px;\">Probando&nbsp;Probando&nbsp;Probando&nbsp;Probando&nbsp;</p>\r\n</div>\r\n<div style=\"font-family: arial; font-size: 12px; background-color: #ffffff; border-style: initial; border-color: initial; line-height: 16px; color: #484848; padding: 10px;\">\r\n<p style=\"border-style: initial; border-color: initial; font-size: 12px;\">Probando&nbsp;Probando&nbsp;Probando&nbsp;Probando&nbsp;</p>\r\n</div>','<div style=\"font-family: arial; font-size: 12px; background-color: #ffffff; border-style: initial; border-color: initial; line-height: 16px; color: #484848; padding: 10px;\">\r\n<p style=\"border-style: initial; border-color: initial; font-size: 12px;\">Probando&nbsp;Probando&nbsp;Probando&nbsp;Probando&nbsp;</p>\r\n</div>\r\n<div style=\"font-family: arial; font-size: 12px; background-color: #ffffff; border-style: initial; border-color: initial; line-height: 16px; color: #484848; padding: 10px;\">\r\n<p style=\"border-style: initial; border-color: initial; font-size: 12px;\">Probando&nbsp;Probando&nbsp;Probando&nbsp;Probando&nbsp;</p>\r\n</div>\r\n<div style=\"font-family: arial; font-size: 12px; background-color: #ffffff; border-style: initial; border-color: initial; line-height: 16px; color: #484848; padding: 10px;\">\r\n<p style=\"border-style: initial; border-color: initial; font-size: 12px;\">Probando&nbsp;Probando&nbsp;Probando&nbsp;Probando&nbsp;</p>\r\n</div>\r\n<div style=\"font-family: arial; font-size: 12px; background-color: #ffffff; border-style: initial; border-color: initial; line-height: 16px; color: #484848; padding: 10px;\">\r\n<p style=\"border-style: initial; border-color: initial; font-size: 12px;\">Probando&nbsp;Probando&nbsp;Probando&nbsp;Probando&nbsp;</p>\r\n</div>','Prueba','Helaaaaaaaadoooooooo!!!'),(10,'D',12,'2011-05-03 21:15:00','2011-12-16 21:15:00',30,880,'Alisado definitivo','<p>Condiciones Cup&oacute;n v&aacute;lido por un tratamiento de Alisado Marroqu&iacute;. La compra de este cup&oacute;n incluye canilla libre de cerveza, agua y gaseosa en el momento del tratamiento. Vigencia: 4 meses. Cuando tengas tu cup&oacute;n solicit&aacute; turno al 4824-8160 o 153535-7848 de martes a s&aacute;bados de 12 hs. a 21 hs. V&aacute;lido para el local de G&uuml;emes 3634 - Palermo. En casos de pelos extra-largos cuya longitud supere la mitad de la espalda, se cobrar&aacute; un adicional de $40. Con la compra de este cup&oacute;n obten&eacute;s un beneficio extra del 50% en un corte de pelo y un 20% en tratamiento de color. Sin l&iacute;mite de cupones por persona.</p>','e03c8fca7d3d38289bb6ea5446e7c7dfbce44a52.jpg','2011-05-15 21:18:27','2012-05-05 17:27:19',99,18,0,'<p>Texto de prueba&nbsp;Texto de prueba&nbsp;Texto de prueba&nbsp;Texto de prueba&nbsp;Texto de prueba&nbsp;Texto de prueba</p>','<div style=\"border-style: initial; border-color: initial; padding: 10px;\">\r\n<p style=\"border-style: initial; border-color: initial;\">Texto de prueba&nbsp;Texto de prueba&nbsp;Texto de prueba&nbsp;Texto de prueba&nbsp;Texto de prueba&nbsp;Texto de prueba&nbsp;Texto de prueba&nbsp;Texto de prueba&nbsp;Texto de prueba&nbsp;Texto de prueba&nbsp;Texto de prueba&nbsp;Texto de prueba</p>\r\n</div>','probador','Alisado definitivo'),(11,'D',7,'2011-07-08 21:18:00','2011-09-22 21:18:00',65,200,'Bombacha de Campo','<p>Cup&oacute;n v&aacute;lido por 1 d&iacute;a de campo con almuerzo y merienda en Estancia La Rica. Vigencia: hasta el 9 de julio. Cuando tengas el cup&oacute;n hac&eacute; tu reserva enviando un mail a estancialarica@gmail.com o a info@estancialarica.com Para informaci&oacute;n general llamar al: 011-15-3599-9845 o 02346427042 de lunes a viernes de 10 a 17hs. V&aacute;lido para fines de semana y fines de semana largos. Check in 10hs, check out 18 hs. Incluye: Recepci&oacute;n de bienvenida: guiso de lentejas y choripan Almuerzo: empanadas y pollo al disco. Selecci&oacute;n de postres camperos (flan de dulce de leche y/o bud&iacute;n de pan). T&eacute; y mate con tortas fritas y tortas en el fog&oacute;n. Ni&ntilde;os mayores de 2 a&ntilde;os hasta 9 a&ntilde;os pagan el 50% de la tarifa. Cada dos menores de 10 a&ntilde;os, se presenta un solo cup&oacute;n. Sujeto a disponibilidad. No v&aacute;lido para eventos de m&aacute;s de 30 personas. En caso de lluvia, el servicio no se suspende salvo que se imposibilite el acceso al establecimiento. En ese caso, se deber&aacute; corroborar telef&oacute;nicamente con la estancia. Presentando este cup&oacute;n ten&eacute;s 35% de descuento para hospedarte durante los meses de mayo y junio. Hasta 5 cupones por persona.</p>','98771b4bdf03d3b0e42eafdbb3f8bfbe7352c5a0.jpg','2011-05-15 21:20:06','2012-05-05 21:21:43',0,6,0,'<p>aaaaaaaaa</p>','<p>bbbbbbbbbbbbb</p>','Ninguno','Bombacha de Campo'),(12,'P',7,'2011-05-01 17:12:00','2011-08-13 17:12:00',50,750,'salida directa al mar','Destacados\r\n3 días / 2 Noches en Pinamar para 2 personas \r\nDesayuno tipo continental\r\n¡Lo podés usar en vacaciones de invierno!\r\nHabitaciones con vista al mar, muy bien equipadas, con sommier, y ventilador de techo.\r\nSalida directa al mar\r\nCon tu cupón 20% de descuento en varios restaurantes de Pinamar\r\nY 30% de descuento en el Spa del hotel para una hora de masajes \r\nLos cupones estarán disponibles en tu cuenta de Groupalia una vez finalizada la oferta.',NULL,'2011-05-19 14:17:19','2011-08-09 11:31:54',563,24,22,'','','','salida directa al mar'),(13,'O',15,'2011-04-20 09:17:00','2012-04-21 17:17:00',70,110,'masaje descontracturante + reflexología','<p>Destacados Una sesi&oacute;n de masaje descontracturante Acompa&ntilde;ado de Reflexolog&iacute;a Manual Disfrut&aacute; de 40 minutos de relajaci&oacute;n Pod&eacute;s canjear tu cup&oacute;n en cualquiera de las sucursales de Aromas y Relax. Condiciones Solicitar turno a los siguientes tel&eacute;fonos: - Sucursal Urquiza: 4521-1338 - Sucursal Palermo: 4826-5652 - Sucursal Tribunales: 4372-8552 Horarios de atenci&oacute;n en todas las sucursales: Lu a Vie de 9:00 a 20:00hs. Hasta 4 cupones por usuario. V&aacute;lido desde el 23 de mayo al 23 de agosto de 2011</p>','40606f8f0808d820d63f887d95076f0d41d986ce.jpg','2011-05-19 14:18:48','2012-05-06 05:39:42',53,107,0,'<div style=\"font-family: arial; font-size: 12px; background-color: #ffffff; border-style: initial; border-color: initial; line-height: 16px; color: #484848; padding: 10px;\">\r\n<p style=\"border-style: initial; border-color: initial; font-size: 12px;\">abc abc&nbsp;</p>\r\n</div>\r\n<div style=\"font-family: arial; font-size: 12px; background-color: #ffffff; border-style: initial; border-color: initial; line-height: 16px; color: #484848; padding: 10px;\">\r\n<p style=\"border-style: initial; border-color: initial; font-size: 12px;\">abc abc&nbsp;</p>\r\n</div>\r\n<div style=\"font-family: arial; font-size: 12px; background-color: #ffffff; border-style: initial; border-color: initial; line-height: 16px; color: #484848; padding: 10px;\">\r\n<p style=\"border-style: initial; border-color: initial; font-size: 12px;\">abc abc&nbsp;</p>\r\n</div>\r\n<div style=\"font-family: arial; font-size: 12px; background-color: #ffffff; border-style: initial; border-color: initial; line-height: 16px; color: #484848; padding: 10px;\">\r\n<p style=\"border-style: initial; border-color: initial; font-size: 12px;\">abc abc&nbsp;</p>\r\n</div>','<div style=\"font-family: arial; font-size: 12px; background-color: #ffffff; border-style: initial; border-color: initial; line-height: 16px; color: #484848; padding: 10px;\">\r\n<p style=\"border-style: initial; border-color: initial; font-size: 12px;\">abc abc&nbsp;</p>\r\n</div>\r\n<div style=\"font-family: arial; font-size: 12px; background-color: #ffffff; border-style: initial; border-color: initial; line-height: 16px; color: #484848; padding: 10px;\">\r\n<p style=\"border-style: initial; border-color: initial; font-size: 12px;\">abc abc&nbsp;</p>\r\n</div>\r\n<div style=\"font-family: arial; font-size: 12px; background-color: #ffffff; border-style: initial; border-color: initial; line-height: 16px; color: #484848; padding: 10px;\">\r\n<p style=\"border-style: initial; border-color: initial; font-size: 12px;\">abc abc&nbsp;</p>\r\n</div>\r\n<div style=\"font-family: arial; font-size: 12px; background-color: #ffffff; border-style: initial; border-color: initial; line-height: 16px; color: #484848; padding: 10px;\">\r\n<p style=\"border-style: initial; border-color: initial; font-size: 12px;\">abc abc&nbsp;</p>\r\n</div>','Ninguno','masaje descontracturante + reflexología'),(14,'O',10,'2011-05-01 17:18:00','2011-06-16 17:18:00',60,NULL,'Cena hindú ','Destacados\r\nMenú tradicional indio para 2 personas\r\nIncluye:\r\n- Statar (entrada): Vegetable Somosa\r\n- Main Dish (principal a elección a base de cordero o pollo): Dopiazza o Tikka Masala\r\n- Acompañamientos: Vegetable Rice y Nan (pan tradicional)\r\nLa mejor comida india con 60% de descuento\r\n¡Valor del cubierto incluido!\r\nCondiciones\r\nVálido del 23 de mayo al 23 de agosto de 2011\r\nReservas con 24hs de anticipación al 4326-8007 o 4328-9252\r\nHorarios: Lu a Sá de 19:00 a 23:00hs\r\nNo incluye bebidas ni postre\r\nMáximo 5 cupones por usuario\r\nMás info en\r\nwww.tandoriaroma.com',NULL,'2011-05-19 14:20:34','2012-05-05 18:26:15',181,7,0,'','','','Cena hindú '),(15,'D',7,'2011-05-02 17:21:00','2011-06-16 17:21:00',50,545,'viaje en globo','Destacados\r\n¡Vivi una experiencia diferente desde las alturas!\r\nAnimate a un vuelo en globo cautivo, con vistas panorámicas del campo y las mejores postales del amanecer y el atardecer\r\nEl globo permanerá amarrado a tierra con una cuerda de seguridad. El ascenso y descenso será en el mismo lugar,  la intensidad de los vientos determinará la altura del vuelo\r\nEl vuelo se realiza con dos personas en la canasta, piloto profesional y tiene una duración de 5 minutos\r\nCondiciones\r\nPromoción sujeta a disponibilidad\r\nVálido sólo sábados y domingos\r\nHorarios de salida: durante el amanecer o 2 horas antes del atardecer\r\nCupo mínimo para el desarrollo de la actividad: 20 personas\r\nLa actividad se suspende en los siguientes casos:\r\n- Pronóstico de vientos moderados a fuertes\r\n- Pronóstico de lluvias \r\n- No completar el mínimo de pasajeros\r\nEl encuentro es en Capilla del Señor en los horarios convenidos\r\nPara más información sobre las fechas disponibles e información en general de la actividad:\r\nhttp://www.buenosairesoutdoors.com/app/articles/detalle.asp?prod=659&cat=59&subCat=0&marca=0&lan=SPA&Cch=1952011102715\r\nPara realizar reservas y consultas: \r\nTeléfono:             5258-5383      \r\ninfo@buenosairesoutdoors.com.ar\r\nMáximo 10 cupones por usuario\r\nVálido del 23 de mayo al 23 de agosto de 2011','0eaee0ae6965c5a8bf1f586cf9322246041c3d27.jpg','2011-05-19 14:22:57','2012-05-05 23:19:15',98,5,0,'','','','viaje en globo'),(16,'D',10,'2011-05-01 17:23:00','2011-09-30 17:23:00',30,119,'1 chopera de 3 litros + nachos','<p>Destacados &iexcl;V&aacute;lido para 2 a 4 personas! Chopera de 3 litros de cerveza Quilmes Picadita de Nachos con salsa de queso &oacute; porci&oacute;n de Papas bravas &iexcl;Tomate tu tiempo! y disfrutalo en el cl&aacute;sico &lsquo;Tres80&rsquo; de Caballito Los cupones estar&aacute;n disponibles en tu cuenta de Groupalia una vez finalizada la oferta. Condiciones Reservar al: 4983-5595 V&aacute;lido del 27 de abril al 27 de julio del 2011 Lu a Do de 12:00 a 02:30 hs. &iexcl;Regal&aacute; los cupones que quieras! Visit&aacute; &lsquo;Tres80&rsquo; en Facebook M&aacute;s informaci&oacute;n en www.tres80restobar.com.ar</p>','64a8287aaf445c3db35322f84e701dc0dfb5d4d2.jpg','2011-05-19 14:24:31','2012-04-29 09:45:23',659,13,0,'<div style=\"font-family: arial; font-size: 12px; background-color: #ffffff; border-style: initial; border-color: initial; line-height: 16px; color: #484848; padding: 10px;\">\r\n<p style=\"border-style: initial; border-color: initial; font-size: 12px;\">&nbsp;</p>\r\n<p style=\"border-style: initial; border-color: initial; font-size: 12px;\">asoidhf jsidojf&nbsp;</p>\r\n<p>&nbsp;</p>\r\n</div>\r\n<div style=\"font-family: arial; font-size: 12px; background-color: #ffffff; border-style: initial; border-color: initial; line-height: 16px; color: #484848; padding: 10px;\">\r\n<p style=\"border-style: initial; border-color: initial; font-size: 12px;\">&nbsp;</p>\r\n<p style=\"border-style: initial; border-color: initial; font-size: 12px;\">asoidhf jsidojf&nbsp;</p>\r\n<p>&nbsp;</p>\r\n</div>\r\n<div style=\"font-family: arial; font-size: 12px; background-color: #ffffff; border-style: initial; border-color: initial; line-height: 16px; color: #484848; padding: 10px;\">\r\n<p style=\"border-style: initial; border-color: initial; font-size: 12px;\">&nbsp;</p>\r\n<p style=\"border-style: initial; border-color: initial; font-size: 12px;\">asoidhf jsidojf&nbsp;</p>\r\n<p>&nbsp;</p>\r\n</div>','<div style=\"font-family: arial; font-size: 12px; background-color: #ffffff; border-style: initial; border-color: initial; line-height: 16px; color: #484848; padding: 10px;\">\r\n<p style=\"border-style: initial; border-color: initial; font-size: 12px;\">&nbsp;</p>\r\n<p style=\"border-style: initial; border-color: initial; font-size: 12px;\">asoidhf jsidojf&nbsp;</p>\r\n<p>&nbsp;</p>\r\n</div>\r\n<div style=\"font-family: arial; font-size: 12px; background-color: #ffffff; border-style: initial; border-color: initial; line-height: 16px; color: #484848; padding: 10px;\">\r\n<p style=\"border-style: initial; border-color: initial; font-size: 12px;\">&nbsp;</p>\r\n<p style=\"border-style: initial; border-color: initial; font-size: 12px;\">asoidhf jsidojf&nbsp;</p>\r\n<p>&nbsp;</p>\r\n</div>\r\n<div style=\"font-family: arial; font-size: 12px; background-color: #ffffff; border-style: initial; border-color: initial; line-height: 16px; color: #484848; padding: 10px;\">\r\n<p style=\"border-style: initial; border-color: initial; font-size: 12px;\">&nbsp;</p>\r\n<p style=\"border-style: initial; border-color: initial; font-size: 12px;\">asoidhf jsidojf&nbsp;</p>\r\n<p>&nbsp;</p>\r\n</div>','Ninguno','1 chopera de 3 litros + nachos'),(20,'D',10,'2011-08-01 18:21:00','2011-11-30 18:21:00',30,250,'Una cena Especial para alguien especial','<p>Mariscos. Buen vino, inmejorable atenci&oacute;n.&nbsp;Mariscos. Buen vino, inmejorable atenci&oacute;n.&nbsp;Mariscos. Buen vino, inmejorable atenci&oacute;n.&nbsp;Mariscos. Buen vino, inmejorable atenci&oacute;n.&nbsp;Mariscos. Buen vino, inmejorable atenci&oacute;n.&nbsp;Mariscos. Buen vino, inmejorable atenci&oacute;n.&nbsp;</p>','5ddbdbc92aab46fdb6d4513f4711567a2d956ab6.jpg','2011-08-02 18:22:39','2012-05-06 03:29:37',0,18,0,'<div style=\"border-style: initial; border-color: initial; padding: 10px;\">\r\n<p style=\"border-style: initial; border-color: initial;\">Mariscos. Buen vino, inmejorable atenci&oacute;n.&nbsp;Mariscos. Buen vino, inmejorable atenci&oacute;n.&nbsp;Mariscos. Buen vino, inmejorable atenci&oacute;n.&nbsp;Mariscos. Buen vino, inmejorable atenci&oacute;n.&nbsp;Mariscos. Buen vino, inmejorable atenci&oacute;n.&nbsp;</p>\r\n</div>','<div style=\"border-style: initial; border-color: initial; padding: 10px;\">\r\n<p style=\"border-style: initial; border-color: initial;\">Mariscos. Buen vino, inmejorable atenci&oacute;n.&nbsp;Mariscos. Buen vino, inmejorable atenci&oacute;n.&nbsp;Mariscos. Buen vino, inmejorable atenci&oacute;n.&nbsp;Mariscos. Buen vino, inmejorable atenci&oacute;n.&nbsp;Mariscos. Buen vino, inmejorable atenci&oacute;n.&nbsp;Mariscos. Buen vino, inmejorable atenci&oacute;n.&nbsp;Mariscos. Buen vino, inmejorable atenci&oacute;n.&nbsp;</p>\r\n</div>','Prueba','Una cena Especial para alguien especial'),(21,'O',NULL,'2011-08-01 01:20:00','2011-08-31 18:34:00',20,600,'Prueba 2 ','<p><strong>Lorem Ipsum</strong> is simply dummy text of the printing and typesetting industry. Lorem Ipsum has been the industry\'s standard dummy text ever since the 1500s, when an unknown printer took a galley of type and scrambled it to make a type specimen book. It has survived not only five centuries, but also the leap into electronic typesetting, remaining essentially unchanged. It was popularised in the 1960s with the release of Letraset sheets containing Lorem Ipsum passages, and more recently with desktop publishing software like Aldus PageMaker including versions of Lorem Ipsum.</p>','f7fb7952ad0777e29d8d9d9245420518a0fb6d5b.jpg','2011-08-02 18:35:37','2012-05-05 22:20:30',0,8,0,'<p><strong>Lorem Ipsum</strong> is simply dummy text of the printing and typesetting industry. Lorem Ipsum has been the industry\'s standard dummy text ever since the 1500s, when an unknown printer took a galley of type and scrambled it to make a type specimen book. It has survived not only five centuries, but also the leap into electronic typesetting, remaining essentially unchanged. It was popularised in the 1960s with the release of Letraset sheets containing Lorem Ipsum passages, and more recently with desktop publishing software like Aldus PageMaker including versions of Lorem Ipsum.</p>','<p><strong>Lorem Ipsum</strong> is simply dummy text of the printing and typesetting industry. Lorem Ipsum has been the industry\'s standard dummy text ever since the 1500s, when an unknown printer took a galley of type and scrambled it to make a type specimen book. It has survived not only five centuries, but also the leap into electronic typesetting, remaining essentially unchanged. It was popularised in the 1960s with the release of Letraset sheets containing Lorem Ipsum passages, and more recently with desktop publishing software like Aldus PageMaker including versions of Lorem Ipsum.</p>','Eva','Prueba 2 '),(23,'O',NULL,'2011-09-05 18:17:00','2011-11-30 18:17:00',60,400,'Spa en casa !','<p><span class=\"Apple-style-span\" style=\"color: #563101; font-family: Arial; font-size: 11px; line-height: normal;\"><strong>Es bueno relajarse y mucho mejor si tenemos la oportunidad de ir a un&nbsp;<em>Spa</em>, como no todos podemos darnos esos lujos semanalmente, te damos unos tips para que te armes tu propio&nbsp;<em>Day Spa en casa</em>.Primero y lo mas importante compra todo lo que necesites lo bueno es que no lo usaras 1 sola vez entonces podr&aacute;s tener varios d&iacute;as de Spa con lo que compres.</strong></span></p>','a0cc3f3785036a41610a0f43a5fb0248af025513.jpg','2011-09-05 18:23:01','2012-05-06 11:53:13',10,36,0,'<p><strong>*Cremas de cuerpo hidratante</strong></p>\r\n<p><strong>*Aceites arom&aacute;ticos</strong></p>\r\n<p><strong>*Sales</strong></p>\r\n<p><strong>*Jab&oacute;n liquido</strong></p>\r\n<p><strong>*Esponja</strong></p>\r\n<p><strong>*Productos hidratantes para el cabello/Acondicionadores hidratantes</strong></p>\r\n<p><strong>*Crema/Mascara para exfoliar la cara e hidratar</strong></p>\r\n<p><strong>*Velas arom&aacute;ticas</strong></p>\r\n<p><strong>*Sahumerios</strong></p>\r\n<p><strong>* M&uacute;sica relax</strong></p>\r\n<p><strong>*Un buen libro</strong></p>\r\n<p><strong>*Rosas (si queres agregar p&eacute;talos en la ba&ntilde;era o jacuzzi &nbsp;te dar&aacute;n buen aroma) trata que el agua no este a una temperatura elevada ya que te puede provocar malestar.</strong></p>\r\n<p><strong>*Podes armarte una buena ensalada, el sushi y salm&oacute;n tambi&eacute;n es una buena opci&oacute;n.</strong></p>\r\n<p><strong>*Frutas, infusiones varias (agua te y jugos).</strong></p>\r\n<p><strong>*Podes practicar algunas poses de yoga, antes del ba&ntilde;o de inmersi&oacute;n o simplemente meditar con buena m&uacute;sica.</strong></p>\r\n<p><span class=\"Apple-style-span\" style=\"color: #563101; font-family: Arial; font-size: 11px; line-height: normal;\"><strong>Por ultimo rel&aacute;jate disfruta y por sobre todas las cosas recarga buenas energ&iacute;as, duerme 8 horas quedaras como nueva al d&iacute;a siguiente.</strong></span></p>','<ul>\r\n<li><span class=\"Apple-style-span\" style=\"color: #563101; font-family: Arial; font-size: 11px; line-height: normal;\"><strong>Solo un boucher por persona</strong></span></li>\r\n<li><span class=\"Apple-style-span\" style=\"color: #563101; font-family: Arial; font-size: 11px; line-height: normal;\"><strong>Podes regalar todos los que quieras</strong></span></li>\r\n<li><span class=\"Apple-style-span\" style=\"color: #563101; font-family: Arial; font-size: 11px; line-height: normal;\"><strong>V&aacute;lido entre setiembre y diciembre</strong></span></li>\r\n</ul>\r\n<p><em><span style=\"text-decoration: underline;\"><strong><span class=\"Apple-style-span\" style=\"color: #563101; font-family: Arial; font-size: 11px; line-height: normal; text-decoration: underline;\">PROMOCI&Oacute;N ESPECIAL PRESENTANDO TU BOUCHER</span></strong></span></em></p>\r\n<p><em><span style=\"text-decoration: underline;\"><strong><span class=\"Apple-style-span\" style=\"color: #563101; font-family: Arial; font-size: 11px; line-height: normal; text-decoration: underline;\">20% DE DESCUENTO EN TU PR&Oacute;XIMA VISITA</span></strong></span></em></p>\r\n<p><em><span style=\"text-decoration: underline;\"><strong><span class=\"Apple-style-span\" style=\"color: #563101; font-family: Arial; font-size: 11px; line-height: normal; text-decoration: underline;\">20% DE DESEUCUENTO EN FACIAL ADICIONAL</span></strong></span></em></p>\r\n<p><em><span style=\"text-decoration: underline;\"><strong><span class=\"Apple-style-span\" style=\"color: #563101; font-family: Arial; font-size: 11px; line-height: normal; text-decoration: underline;\">25% DE DESESCUENTO EN MASAJE DE PIES.</span></strong></span></em></p>','Spa en casa','Spa en casa !'),(24,'O',NULL,'2011-10-27 09:56:00','2011-11-30 09:56:00',55,107,'¡LA MEJOR EXCUSA! PICADA PARA 2 PERSONAS + PORRONES DE CERVEZA QUILMES TIRADA','<p style=\"font-size: 13px; line-height: 16px; color: #000000; letter-spacing: -0.5px;\">Lleg&aacute; el fin de semana y lo &uacute;nico que podemos pensar es en esa rica picada que vamos a disfrutar el s&aacute;bado cuando nos juntemos con amigos. Esa excusa perfecta y deliciosa para juntarse y disfrutar de un buen rato entre amgios. &iquest;Pero que si queremos disfrutar de esta rica variedad de quesos y fiambres en cualquier d&iacute;a de la semana? Por eso hoy les traemos una oferta para que disfruten de una rica picada cuando y con quien ustedes quieran.</p>\r\n<p class=\"MsoNormal\" style=\"font-size: 13px; line-height: 16px; color: #000000; letter-spacing: -0.5px;\"><span lang=\"ES\">Hoy Fitz Bar te da la oportunidad para que pongas a pr&aacute;ctica tus papilas gustativas con una incre&iacute;ble&nbsp;<strong>picada para 2 personas</strong>&nbsp;que incluye:</span></p>\r\n<ul>\r\n<li>Jam&oacute;n Cocido.</li>\r\n<li>Jam&oacute;n Crudo.</li>\r\n<li>Panceta.</li>\r\n<li>Salame.</li>\r\n<li>Mortadela.</li>\r\n<li>Queso Fontina.</li>\r\n<li>Queso Pategras.</li>\r\n<li>Queso Roquefort.</li>\r\n<li>Aceitunas Verdes.</li>\r\n<li>Aceitunas Negras.</li>\r\n<li>Tomates Secos.</li>\r\n<li>Panera.</li>\r\n</ul>\r\n<p class=\"MsoNormal\" style=\"font-size: 13px; line-height: 16px; color: #000000; letter-spacing: -0.5px;\">&nbsp;</p>\r\n<p class=\"MsoNormal\" style=\"font-size: 13px; line-height: 16px; color: #000000; letter-spacing: -0.5px;\"><span lang=\"ES\">&iquest;Con s&oacute;lo leer te dio sed? La oferta tambi&eacute;n incluye&nbsp;<strong>2 porrones de cerveza tirada Quilmes</strong>&nbsp;para que acompa&ntilde;es esta incre&iacute;ble picada.</span></p>\r\n<p class=\"MsoNormal\" style=\"font-size: 13px; line-height: 16px; color: #000000; letter-spacing: -0.5px;\"><span>Adem&aacute;s s&oacute;lo con Ahorraseguro ten&eacute;s un 20% de descuento&nbsp;<strong>EXTRA</strong>&nbsp;pagando con efectivo en tu pr&oacute;xima visita a Fitz Bar, para que disfrutes de todas sus creaciones todas las veces que quieras.</span></p>\r\n<p class=\"MsoNormal\" style=\"font-size: 13px; line-height: 16px; color: #000000; letter-spacing: -0.5px;\"><span>Comprando con Ahorraseguro ten&eacute;s un 55% de descuento para deleitarte con las creaciones de Fitz Bar!! Con este cup&oacute;n s&oacute;lo vas a pagar $48 en vez de $107.</span></p>','18d44df853314f59144dc8b72d2b0791408445c2.jpg','2011-10-28 10:02:21','2012-05-08 18:49:55',0,13,0,'<ul style=\"width: 219px; padding-left: 0px;\">\r\n<li style=\"list-style-image: url(\'http://www.flipaste.com.ar/static/images/blt.gif\'); list-style-type: initial; font-size: 11px; line-height: 14px; list-style-position: outside; margin-left: 15px; padding-right: 10px; padding-bottom: 2px;\">2 porrones Quilmes.</li>\r\n<li style=\"list-style-image: url(\'http://www.flipaste.com.ar/static/images/blt.gif\'); list-style-type: initial; font-size: 11px; line-height: 14px; list-style-position: outside; margin-left: 15px; padding-right: 10px; padding-bottom: 2px;\">20% de descuento EXTRA pagando con efectivo en tu pr&oacute;xima visita.</li>\r\n<li style=\"list-style-image: url(\'http://www.flipaste.com.ar/static/images/blt.gif\'); list-style-type: initial; font-size: 11px; line-height: 14px; list-style-position: outside; margin-left: 15px; padding-right: 10px; padding-bottom: 2px;\">3 variedades de queso, Jam&oacute;n crudo y cocido, mortadela, tomates secos, aceitunas y pan.</li>\r\n<li style=\"list-style-image: url(\'http://www.flipaste.com.ar/static/images/blt.gif\'); list-style-type: initial; font-size: 11px; line-height: 14px; list-style-position: outside; margin-left: 15px; padding-right: 10px; padding-bottom: 2px;\">Cubierto incluido en el precio.</li>\r\n<li style=\"list-style-image: url(\'http://www.flipaste.com.ar/static/images/blt.gif\'); list-style-type: initial; font-size: 11px; line-height: 14px; list-style-position: outside; margin-left: 15px; padding-right: 10px; padding-bottom: 2px;\">Excelente ubicaci&oacute;n en Palermo Hollywood.</li>\r\n<li style=\"list-style-image: url(\'http://www.flipaste.com.ar/static/images/blt.gif\'); list-style-type: initial; font-size: 11px; line-height: 14px; list-style-position: outside; margin-left: 15px; padding-right: 10px; padding-bottom: 2px;\">Picada variada y abundante para 2 personas.</li>\r\n</ul>','<ul style=\"width: 219px; padding-left: 0px;\">\r\n<li style=\"list-style-image: url(\'http://www.flipaste.com.ar/static/images/blt.gif\'); list-style-type: initial; font-size: 11px; line-height: 14px; list-style-position: outside; margin-left: 15px; padding-right: 10px; padding-bottom: 2px;\">Cup&oacute;n v&aacute;lido por 3 meses.</li>\r\n<li style=\"list-style-image: url(\'http://www.flipaste.com.ar/static/images/blt.gif\'); list-style-type: initial; font-size: 11px; line-height: 14px; list-style-position: outside; margin-left: 15px; padding-right: 10px; padding-bottom: 2px;\">En caso de elegir un sistema de Pago en Efectivo, estos deben abonarse antes del 29/10 a las 24hs.</li>\r\n<li style=\"list-style-image: url(\'http://www.flipaste.com.ar/static/images/blt.gif\'); list-style-type: initial; font-size: 11px; line-height: 14px; list-style-position: outside; margin-left: 15px; padding-right: 10px; padding-bottom: 2px;\">Horario para redimir el cup&oacute;n: domingo a viernes de 9 a 20 hs.</li>\r\n<li style=\"list-style-image: url(\'http://www.flipaste.com.ar/static/images/blt.gif\'); list-style-type: initial; font-size: 11px; line-height: 14px; list-style-position: outside; margin-left: 15px; padding-right: 10px; padding-bottom: 2px;\">No acumulable con otras promociones.</li>\r\n<li style=\"list-style-image: url(\'http://www.flipaste.com.ar/static/images/blt.gif\'); list-style-type: initial; font-size: 11px; line-height: 14px; list-style-position: outside; margin-left: 15px; padding-right: 10px; padding-bottom: 2px;\">S&oacute;lo con reserva telef&oacute;nica previa.</li>\r\n</ul>','Prueba','¡LA MEJOR EXCUSA! PICADA PARA 2 PERSONAS + PORRONE'),(25,'O',NULL,'2011-12-17 01:05:00','2011-12-17 21:55:00',50,240,'Carpa plegable y autoarmable, ideal para jugar y para la playa x $120 ¡Con delivery opcional a Capital! 50% de descuento en Adrylor!','<p style=\"font-size: 12px; margin-top: 0px; margin-bottom: 10px; color: #77716a;\">&iquest;Quer&eacute;s tener un pelotero en el patio de tu casa? &iexcl;No es imposible armarlo, los chicos realmente saben disfrutar de las peque&ntilde;as cosas! Comprando la propuesta del d&iacute;a, pag&aacute; $120 por una carpa ideal para juegos o como guarda juguetes. Es reforzado, por lo cual se puede usar tanto en exteriores como en interiores. &iexcl;La despleg&aacute;s y ya queda armada! Tambi&eacute;n te sirve para la playa, si est&aacute;s pensando irte en el verano. &iquest;Qu&eacute; otros usos se te ocurren?</p>\r\n<p style=\"font-size: 12px; margin-top: 0px; margin-bottom: 10px; color: #77716a;\">&iexcl;Aprovech&aacute; un 50% de descuento en Adrylor!</p>','c82463760d0802286d5ea64c4cdbe88906e7137c.jpg','2011-10-28 10:30:34','2012-05-05 16:28:31',0,9,0,'<ul style=\"font-size: 11px; margin-bottom: 20px; padding-left: 0px; list-style-type: none; list-style-position: initial; list-style-image: initial;\">\r\n<li style=\"font-size: 11px; padding-bottom: 2px; padding-left: 8px; list-style-type: none; list-style-position: initial; list-style-image: initial; background-image: url(\'http://st.ak.cuponica.com/static/images/bullet.gif\'); background-attachment: initial; background-origin: initial; background-clip: initial; background-color: initial; background-position: 0px 5px; background-repeat: no-repeat no-repeat;\">Se despliega y ya queda toda armada!</li>\r\n<li style=\"font-size: 11px; padding-bottom: 2px; padding-left: 8px; list-style-type: none; list-style-position: initial; list-style-image: initial; background-image: url(\'http://st.ak.cuponica.com/static/images/bullet.gif\'); background-attachment: initial; background-origin: initial; background-clip: initial; background-color: initial; background-position: 0px 5px; background-repeat: no-repeat no-repeat;\">Polyester 100% resistente</li>\r\n<li style=\"font-size: 11px; padding-bottom: 2px; padding-left: 8px; list-style-type: none; list-style-position: initial; list-style-image: initial; background-image: url(\'http://st.ak.cuponica.com/static/images/bullet.gif\'); background-attachment: initial; background-origin: initial; background-clip: initial; background-color: initial; background-position: 0px 5px; background-repeat: no-repeat no-repeat;\">Amplios mosquiteros para ventilacion</li>\r\n<li style=\"font-size: 11px; padding-bottom: 2px; padding-left: 8px; list-style-type: none; list-style-position: initial; list-style-image: initial; background-image: url(\'http://st.ak.cuponica.com/static/images/bullet.gif\'); background-attachment: initial; background-origin: initial; background-clip: initial; background-color: initial; background-position: 0px 5px; background-repeat: no-repeat no-repeat;\">Medidas: 105 x 100 x 100 cm</li>\r\n<li style=\"font-size: 11px; padding-bottom: 2px; padding-left: 8px; list-style-type: none; list-style-position: initial; list-style-image: initial; background-image: url(\'http://st.ak.cuponica.com/static/images/bullet.gif\'); background-attachment: initial; background-origin: initial; background-clip: initial; background-color: initial; background-position: 0px 5px; background-repeat: no-repeat no-repeat;\">Ideal para interiores (Playroom, dormitorio, guarda juguetes) o exteriores (patio, camping, parque)</li>\r\n</ul>','<ul>\r\n<li><span class=\"Apple-style-span\" style=\"font-size: 11px;\">V&aacute;lido por 30 d&iacute;as</span></li>\r\n<li><span class=\"Apple-style-span\" style=\"font-size: 11px;\">La propuesta incluye una carpa (105x100x100 cm) de polyester 100% resistente en bolso de 37 cm de di&aacute;metro. No incluye estacas para armado en exteriores</span></li>\r\n<li><span class=\"Apple-style-span\" style=\"font-size: 11px;\">Garant&iacute;a: 72 hs corridas de prueba por defectos de fabricaci&oacute;n a partir del retiro del producto o recepci&oacute;n del mismo sin excepci&oacute;n</span></li>\r\n<li><span class=\"Apple-style-span\" style=\"font-size: 11px;\">El delivery es opcional a Capital y su costo se coordina directamente con el comercio</span></li>\r\n<li><span class=\"Apple-style-span\" style=\"font-size: 11px;\">El producto puede pasar a retirarse por la zona de Jun&iacute;n y Lavalle, Barrio de Once</span></li>\r\n<li><span class=\"Apple-style-span\" style=\"font-size: 11px;\">Requiere hacer el pedido con anticipaci&oacute;n enviando un e-mail a adrylor@hotmail.com.ar con el n&uacute;mero de cup&oacute;n</span></li>\r\n<li><span class=\"Apple-style-span\" style=\"font-size: 11px;\">Lunes a viernes de 14.30 a 19.00 hs. S&aacute;bados, domingos y feriados cerrado</span></li>\r\n<li><span class=\"Apple-style-span\" style=\"font-size: 11px;\">Sujeto a disponibilidad</span></li>\r\n</ul>','Prueba','Carpa plegable y autoarmable, ideal para jugar y p'),(26,'D',6,'2011-11-01 10:36:00','2011-11-30 12:40:00',25,2599,'¡Conservá tus momentos en Alta Definición! 25% OFF x Videocámara digital JVC GZ-HM30. ¡En cuotas y con 12 meses de garantía!','<p>Hay muchas formas, adem&aacute;s de las fotograf&iacute;as, de capturar tus momentos para siempre. Los videos son una forma din&aacute;mica y personalizada de revivir tus recuerdos. &iexcl;Y m&aacute;s si se trata de filmaciones en alta definici&oacute;n! Comprando hoy en Cup&oacute;nica, pag&aacute; $1.960 en vez de $2.599 por una videoc&aacute;mara digital JVC GZ-HM30, con pantalla LCD 2.7\" y estabilizador de imagen avanzado. Graba con tecnolog&iacute;a HD, cuenta con zoom &oacute;ptico 40x lente Konica Minolta y tiene la opci&oacute;n de carga instant&aacute;nea \"One Touch\" a YouTube. Se vienen fin de a&ntilde;o y las vacaciones, &iexcl;Guard&aacute; esos momentos para siempre con tu nueva videoc&aacute;mara!</p>\r\n<p>&nbsp;</p>\r\n<p>&iexcl;Captur&aacute; tus emociones en Alta Definici&oacute;n!</p>','ca604ef122f515b7c82dc6416263f083bc1e6d62.jpg','2011-10-28 10:41:26','2012-05-06 11:03:41',0,12,0,'<ul>\r\n<li>Filmaci&oacute;n en HD</li>\r\n<li>Pantalla LCD 2.7\"</li>\r\n<li>Zoom &Oacute;ptico 40X</li>\r\n<li>Estabilizador de imagen avanzado</li>\r\n<li>Enfoque autom&aacute;tico</li>\r\n<li>Ranura para tarjeta de memoria SD</li>\r\n<li>Salida HDMI</li>\r\n</ul>','<p>La propuesta incluye una videoc&aacute;mara JVC modelo GZ-HM30 color negro</p>\r\n<ul>\r\n<li>Garant&iacute;a: 12 meses</li>\r\n<li>Exclusivamente con delivery en Capital y el primer cord&oacute;n de GBA (Norte: San Fernando. Sur: Quilmes. Oeste: Mor&oacute;n)</li>\r\n<li>Una vez acreditado el pago y recibido el cup&oacute;n de descuento en tu casilla, reenviar el mail con el asunto \"Videoc&aacute;mara JVC\" a envio@ahorraseguro.com.ar e incluir los siguientes datos: Nombre y Apellido, Domicilio completo, Localidad, C.P.</li>\r\n<li>Ten&eacute;s un plazo m&aacute;ximo de 5 d&iacute;as, a partir de acreditado el pago, para reenviar tu cup&oacute;n</li>\r\n<li>El producto no puede ser retirado en el local del distribuidor</li>\r\n<li>Ser&aacute; entregado dentro de los 25 d&iacute;as h&aacute;biles siguientes a la compra como m&aacute;ximo</li>\r\n<li>Las entregas se realizan de lunes a viernes de 09:00 a 18.00 hs.</li>\r\n<li>El delivery no es programable</li>\r\n<li>El usuario deber&aacute; informar un domicilio en el que se encuentre alguna persona en el horario especificado para recibir el producto</li>\r\n<li>La recepci&oacute;n del producto indica conformidad del estado</li>\r\n<li>Sujeto a disponibilidad de stock</li>\r\n<li>Sin m&aacute;ximo de cupones por comprador</li>\r\n<li>No acumulable con otras promociones, cupones o Extras!</li>\r\n<li>El vencimiento del cup&oacute;n no es motivo de devoluci&oacute;n</li>\r\n<li>Por tratarse de una promoci&oacute;n, el comercio no se encuentra obligado a entregar el producto una vez vencido el cup&oacute;n.</li>\r\n</ul>','Prueba','¡Conservá tus momentos en Alta Definición! 25% OFF'),(27,'D',9,'2011-09-12 10:41:00','2011-11-30 12:35:00',30,990,'Celular i9+ c/ Dual SIM x $495. Wi-Fi + TV + Cámara + MP3/MP4 + Bluetooth + Radio FM. ¡Para usar con cualquier operador y con 6 meses de garantía!','<p><strong>i9+</strong></p>\r\n<p><strong></strong><br />&iexcl;No te quedes con las ganas de cambiar tu celular! Cup&oacute;nica te acerca la oportunidad de pagar s&oacute;lo $495 por un s&iacute;mil iPhone. Se trata del i9 &iexcl;Un celular de m&uacute;ltiples funciones! Tiene los cl&aacute;sicos: Bluetooth; reproductor de m&uacute;sica, radio FM, c&aacute;mara de fotos y v&iacute;deo. Suma TV y la posibilidad de usarlo con 2 tarjetas SIM en simult&aacute;neo, sin importar de qu&eacute; operador sean. Y la conectividad es a trav&eacute;s de Wi-Fi. &iexcl;Adem&aacute;s es cuatribanda! &iexcl;Descarg&aacute; aplicaciones y los programas de Office!<br /><br />&iquest;Busc&aacute;s tu nuevo celular? &iexcl;No dejes pasar esta propuesta!</p>','89fc2a5db4b86baf9d3456f5776ccb2d4a0948b5.jpg','2011-10-28 11:12:39','2012-04-29 20:59:29',0,12,1,'<ul>\r\n<li>Cuatribanda</li>\r\n<li>Conectividad a trav&eacute;s de Wi-Fi</li>\r\n<li>TV (Canales de aire)</li>\r\n<li>Pantalla LCD t&aacute;ctil, con sensor de movimiento</li>\r\n<li>C&aacute;mara fotogr&aacute;fica y de v&iacute;deo</li>\r\n<li>Modo manos libres y Buetooth</li>\r\n<li>Radio FM</li>\r\n<li>Reproductor de MP3 y MP4</li>\r\n<li>Incluye auriculares, cargador, dos bater&iacute;as y cable USB</li>\r\n</ul>','<ul>\r\n<li>V&aacute;lido por 30 d&iacute;as</li>\r\n<li>La propuesta incluye una celular i9 dual SIM con los siguientes accesorios: 2 bater&iacute;as, cargador, auriculares y cable USB</li>\r\n<li>Garant&iacute;a: 6 meses</li>\r\n<li>No incluye delivery</li>\r\n<li>El producto debe retirarse por Esmeralda 819 1&ordm;B (Microcentro), a partir del 8 de Noviembre de 2011</li>\r\n<li>Requiere hacer el pedido con anticipaci&oacute;n llamando al 011.15.5884.2888 &oacute; al 011.4253.9003 o enviando un e-mail a ezequiel_lgt@hotmail.com</li>\r\n<li>Sujeto a disponibilidad</li>\r\n<li>Martes a viernes de 9.30 a 15.30 hs.</li>\r\n<li>Sin m&aacute;ximo de cupones por comprador</li>\r\n<li>No acumulable con otras promociones, cupones o Extras!</li>\r\n<li>El vencimiento del cup&oacute;n no es motivo de devoluci&oacute;n</li>\r\n<li>Por tratarse de una promoci&oacute;n, el comercio no se encuentra obligado a entregar el producto una vez vencido el cup&oacute;n.</li>\r\n</ul>','Prueba','Celular i9+ c/ Dual SIM x $495. Wi-Fi + TV + Cámar'),(28,'D',10,'2011-10-28 11:25:00','2011-11-28 11:25:00',30,84,'Pizza libre p/2 + 2 tragos (mojito o daiquiri de fruta) en Exxtreme Resto Bar.','<p>Hay oportunidades que no hay que dejar pasar. &iexcl;Esta es una de ellas!</p>\r\n<p>Vos que compet&iacute;s todo el tiempo con tus amigos, te presentamos un nuevo desaf&iacute;o. &iquest;Qui&eacute;n come m&aacute;s porciones?</p>\r\n<p>Exxtreme Resto Bar te ofrece una pizza libre para que disfrutes con un amigo. Vas a poder comer todas las porciones que quieras. &iexcl;Sin l&iacute;mites!</p>\r\n<p>Van a poder elegir entre muzzarella, r&uacute;cula, 4 quesos y cantimpalo. &iexcl;A vos que te gustan todas y nunca sab&eacute;s con cu&aacute;l quedarte! Prob&aacute; todos los sabores y disfrut&aacute; de lo que es bueno.</p>\r\n<p>Adem&aacute;s, vas a acompa&ntilde;ar estas incre&iacute;bles y crocantes pizzas con 2 tragos, uno para cada uno, que puede ser mojito o daiquiri de fruta. &iexcl;No pod&eacute;s decir que no!</p>\r\n<p>&iquest;Est&aacute;s tentado? &iexcl;Con hambre no te vas a quedar! Sumate a esta incre&iacute;ble oferta de Exxtreme Resto Bar y clickOn con un 58% de descuento.</p>\r\n<p>Las im&aacute;genes son a modo ilustrativo.</p>','b4c90a9a21968dab706006d5e6be08288bc88fcb.jpg','2011-10-28 11:32:00','2012-05-06 13:31:34',5,11,0,'<ul>\r\n<li>&nbsp;Exxtreme Resto Bar</li>\r\n<li>&iexcl;Combinaci&oacute;n suprema! Pizza libre para 2 (muzzarella, r&uacute;cula, 4 quesos o cantimpalo) + 2 tragos (mojito o daiquiri de fruta)</li>\r\n</ul>\r\n<ul>\r\n<li>Las pizzas incluyen:</li>\r\n<li>R&uacute;cula: muzzarella, tomates cherry, r&uacute;cula y aceitunas</li>\r\n<li>4 Quesos: muzzarella, azul, sardo y gruyere</li>\r\n<li>Cantimpalo: muzzarella y salame cantimpalo</li>\r\n<li>Excelente ubicaci&oacute;n</li>\r\n<li>Productos de m&aacute;xima calidad</li>\r\n<li>No te olvides que ten&eacute;s que imprimir desde &ldquo;Mis Cupones&rdquo; en tu cuenta, una vez que termine la oferta</li>\r\n<li>Acordate que las ofertas las pag&aacute;s en Ahorraseguro. No ten&eacute;s que volver a pagarlos al llegar al establecimiento</li>\r\n<li>Pod&eacute;s pagar esta oferta en hasta 18 cuotas con tu tarjeta de cr&eacute;dito</li>\r\n</ul>','<ul>\r\n<li>Reservar previamente al: (0261) 4202475 / (0261) 155563917</li>\r\n<li>Direcci&oacute;n: Aristides 330</li>\r\n<li>D&iacute;as y horarios de atenci&oacute;n: domingo a mi&eacute;rcoles de 20 a 01hs</li>\r\n<li>Sujeto a disponibilidad</li>\r\n<li>Validez desde el 03/11/2011 hasta el 03/02/2012</li>\r\n<li>Si eleg&iacute;s abonar con PagoF&aacute;cil o RapiPago, ten&eacute;s hasta 5 (cinco) d&iacute;as para pagar tu compra &iexcl;No te demores!</li>\r\n<li>Para hacer v&aacute;lido tu cup&oacute;n es necesario imprimirlo y presentarlo en el establecimiento</li>\r\n<li>Sin l&iacute;mite de compras por persona. Pod&eacute;s regalar todos los que quieras</li>\r\n</ul>','Prueba','Pizza libre p/2 + 2 tragos (mojito o daiquiri de f'),(29,'D',12,'2011-10-28 11:32:00','2011-11-28 11:32:00',30,200,'1 ses. de triple ultracavitación y radiofrecuencia + 1 ses.de drenaje linfático en Bellísima Centro de Estética.','<p>Hay palabras que de s&oacute;lo escucharlas nos irritan. &iquest;Por qu&eacute;? Porque nos persiguen todos los d&iacute;as y no encontramos la soluci&oacute;n para combatirlas. Pero nosotros tenemos la soluci&oacute;n para que dejen de molestarte y empiecen a pasar desapercibidas.</p>\r\n<p>Una sesi&oacute;n de triple ultracavitaci&oacute;n y radiofrecuencia y una sesi&oacute;n de drenaje linf&aacute;tico. Cada sesi&oacute;n dura 40 minutos. &iquest;Celulitis, qu&eacute; celuilitis?</p>\r\n<p>&iexcl;Todos los tratamientos m&aacute;s novedosos los encontr&aacute;s en Bell&iacute;sima Centro de Est&eacute;tica!</p>\r\n<p>La ultracavitaci&oacute;n consiste en un tratamiento no invasivo, que combate la grasa localizada y la celulitis. Es lo &uacute;ltimo en tratamientos para adelgazar, eliminar grasa y celulitis sin cirug&iacute;a. Los resultados satisfactorios producen p&eacute;rdida de volumen y son visibles desde las primeras sesiones. Es uno de los &uacute;ltimos adelantos para el &aacute;rea de est&eacute;tica, ideal para la modelaci&oacute;n corporal que garantiza en forma r&aacute;pida, segura e indolora la expulsi&oacute;n de grasas localizadas. No requiere anestesia ni preparaci&oacute;n previa. Una alternativa de vanguardia a las intervenciones quir&uacute;rgicas con resultados visibles y duraderos desde las primeras sesiones. No requieren tiempo de reposo tras el tratamiento y con retorno inmediato a su vida normal.</p>\r\n<p>La radiofrecuencia es el &uacute;nico procedimiento no invasivo que reafirma y renueva el col&aacute;geno de la piel en las tres capas. &iquest;C&oacute;mo lo hace? La tecnolog&iacute;a de La radiofrecuencia calienta de forma segura la capa intermedia de la piel y la red de col&aacute;geno de la capa interna, causando un ajuste de firmeza inmediato adem&aacute;s de mejorar el tono y la textura. Y las mejoras continuar&aacute;n y ser&aacute;n m&aacute;s notables durante cuatro o seis meses posteriores al tratamiento debido al crecimiento de nuevo col&aacute;geno.</p>\r\n<p>El drenaje linf&aacute;tico es una especialidad de masaje que act&uacute;a directamente sobre el sistema linf&aacute;tico, responsable de eliminar toxinas y mantener en forma el sistema inmunitario. Su efecto se deja notar sobre la piel porque activa la circulaci&oacute;n y mejora la microcirculaci&oacute;n. Adem&aacute;s, hace frente a la celulitis evitando la retenci&oacute;n de l&iacute;quidos. Y todo esto acompa&ntilde;ado de un asesoramiento nutricional para que te sientas cuidado y puedas consultar todas las dudes que te surjan y realizar el tratamiento de forma adecuada cuidando tu cuerpo y priorizando tu salud. &iexcl;Con todo esto vas a lograr los resultados que siempre quisiste!</p>\r\n<p>Bell&iacute;sima Centro de Est&eacute;tica es una empresa con 15 a&ntilde;os de trayectoria dedicada a la est&eacute;tica. Cuenta con amplias instalaciones (700m cubiertos), sal&oacute;n exclusivo para eventos, piscina climatizada con cascada, parquizado, sal&oacute;n de Spa con Hidromasaje, cabina de ozono y sector de masajes y f&aacute;cil estacionamiento. A su vez, contiene los mejores equipamientos del mercado con el fin de ofrecerles a sus clientes las &uacute;ltimas novedades y el mejor nivel.</p>\r\n<p>Los profesionales te recibir&aacute;n con un trato amable en un ambiente cordial y c&aacute;lido, ya que la amplitud del lugar brinda la posibilidad de sectorizar cada zona y dar m&aacute;s privacidad a los tratamientos, que son estrictamente controlados y completos.</p>','588f304caf3ff726844d164fbb279881312a0457.jpg','2011-10-28 11:37:59','2012-05-06 09:59:38',5,43,0,'<ul>\r\n<li>Reservar turno previamente al: (0261) 4327867 / (0261) 154727245</li>\r\n<li>Direcci&oacute;n: Acceso Este 1155 Lateral Sur Dorrego, Guaymallen</li>\r\n<li>D&iacute;as y horarios de atenci&oacute;n:</li>\r\n<li>lunes a viernes de 8 a 20hs</li>\r\n<li>s&aacute;bados de 8 a 17hs</li>\r\n<li>Sujeto a disponibilidad</li>\r\n<li>Validez del clickOn (cup&oacute;n) desde el 03/11/2011 hasta el 03/02/2012</li>\r\n<li>Si eleg&iacute;s abonar con PagoF&aacute;cil o RapiPago, ten&eacute;s hasta 5 (cinco) d&iacute;as para pagar tu clickOn &iexcl;No te demores!</li>\r\n<li>Para hacer v&aacute;lido tu clickOn es necesario imprimirlo y presentarlo en el establecimiento</li>\r\n<li>Pod&eacute;s comprar hasta 3 ofertas por persona. Pod&eacute;s regalar todos los que quieras, respetando esta condici&oacute;n</li>\r\n</ul>','<ul>\r\n<li>&iexcl;Un tratamiento a tu medida! 1 sesi&oacute;n de triple ultra cavitaci&oacute;n y radiofrecuencia + 1 sesi&oacute;n de drenaje linf&aacute;tico</li>\r\n<li>Duraci&oacute;n: 1.20 hrs aprox.</li>\r\n<li>Ideal para reducci&oacute;n, celulitis en todos los grados, flacidez, estr&iacute;as, cicatrices y rehabilitaci&oacute;n</li>\r\n<li>Profesionales de alto nivel</li>\r\n<li>Tecnolog&iacute;a de &uacute;ltima generaci&oacute;n</li>\r\n<li>No te olvides que ten&eacute;s que imprimir desde &ldquo;Mis Cupones&rdquo; en tu cuenta, una vez que termine la oferta</li>\r\n<li>Acordate que las ofertas las pag&aacute;s en Ahorraseguro. No ten&eacute;s que volver a pagarlos al llegar al establecimiento</li>\r\n<li>Pod&eacute;s pagar esta oferta en hasta 18 cuotas con tu tarjeta de cr&eacute;dito</li>\r\n</ul>','Prueba','1 ses. de triple ultracavitación y radiofrecuencia');
/*!40000 ALTER TABLE `deal` ENABLE KEYS */;
UNLOCK TABLES;

--
-- Table structure for table `migration_version`
--

DROP TABLE IF EXISTS `migration_version`;
/*!40101 SET @saved_cs_client     = @@character_set_client */;
/*!40101 SET character_set_client = utf8 */;
CREATE TABLE `migration_version` (
  `version` int(11) DEFAULT NULL
) ENGINE=InnoDB DEFAULT CHARSET=latin1;
/*!40101 SET character_set_client = @saved_cs_client */;

--
-- Dumping data for table `migration_version`
--

LOCK TABLES `migration_version` WRITE;
/*!40000 ALTER TABLE `migration_version` DISABLE KEYS */;
INSERT INTO `migration_version` VALUES (21);
/*!40000 ALTER TABLE `migration_version` ENABLE KEYS */;
UNLOCK TABLES;

--
-- Table structure for table `newsletter_email`
--

DROP TABLE IF EXISTS `newsletter_email`;
/*!40101 SET @saved_cs_client     = @@character_set_client */;
/*!40101 SET character_set_client = utf8 */;
CREATE TABLE `newsletter_email` (
  `id` bigint(20) NOT NULL AUTO_INCREMENT,
  `email` varchar(255) NOT NULL,
  `is_active` tinyint(1) DEFAULT '1',
  PRIMARY KEY (`id`),
  UNIQUE KEY `email` (`email`)
) ENGINE=InnoDB AUTO_INCREMENT=7 DEFAULT CHARSET=latin1;
/*!40101 SET character_set_client = @saved_cs_client */;

--
-- Dumping data for table `newsletter_email`
--

LOCK TABLES `newsletter_email` WRITE;
/*!40000 ALTER TABLE `newsletter_email` DISABLE KEYS */;
INSERT INTO `newsletter_email` VALUES (1,'diegodorado@gmail.com',0),(2,'diego@cooph.com.uy',NULL),(3,'xxx@aaa.com',NULL),(4,'eva@cooperativahormigon.com.ar',1),(5,'angelcrego@gmail.com',1),(6,'angel_crego@yahoo.com.ar ',1);
/*!40000 ALTER TABLE `newsletter_email` ENABLE KEYS */;
UNLOCK TABLES;

--
-- Table structure for table `newsletter_message`
--

DROP TABLE IF EXISTS `newsletter_message`;
/*!40101 SET @saved_cs_client     = @@character_set_client */;
/*!40101 SET character_set_client = utf8 */;
CREATE TABLE `newsletter_message` (
  `id` bigint(20) NOT NULL AUTO_INCREMENT,
  `from_email` varchar(255) NOT NULL,
  `from_name` varchar(255) NOT NULL,
  `subject` varchar(255) NOT NULL,
  `body` text NOT NULL,
  `recipients_count` bigint(20) NOT NULL,
  `sent_count` bigint(20) NOT NULL,
  `is_active` tinyint(1) DEFAULT NULL,
  `limit_i` bigint(20) NOT NULL,
  `offset_i` bigint(20) NOT NULL,
  `created_at` datetime NOT NULL,
  `updated_at` datetime NOT NULL,
  PRIMARY KEY (`id`)
) ENGINE=InnoDB AUTO_INCREMENT=5 DEFAULT CHARSET=latin1;
/*!40101 SET character_set_client = @saved_cs_client */;

--
-- Dumping data for table `newsletter_message`
--

LOCK TABLES `newsletter_message` WRITE;
/*!40000 ALTER TABLE `newsletter_message` DISABLE KEYS */;
INSERT INTO `newsletter_message` VALUES (2,'info@ahorraserguro.com.ar','Ahorra Seguro','A Tus Pies en Buenas Manos - Mística Método Pilates','<table style=\"font-family: verdana\" width=\"677\"  border=\"0\" cellpadding=\"0\" cellspacing=\"0\">\n  <tr bgcolor=\"#262626\" >\n    <td>\n		  <table width=\"100%\" border=\"0\" cellpadding=\"0\" cellspacing=\"0\">\n		    <tr height=\"88\">\n			    <td width=\"50%\" style=\"text-align:center\">\n            <a href=\"http://ahorraseguro.com.ar\">\n  			      <img alt=\"Ahorra Seguro\" src=\"http://ahorraseguro.com.ar/images/logo.png\" />            </a>\n			    </td>\n			    <td width=\"50%\" style=\"color:#fff; text-align:center\">\n            <a href=\"http://ahorraseguro.com.ar\" style=\"text-decoration:none;color:#fff;font-weight: bold\"> AHORRÁ SEGURO </a>\n				    <br/>	\n				    <span> con las mejores ofertas </span>\n			    </td>\n		    </tr>\n		  </table>\n	  </td>\n  </tr>\n  <tr>\n    <td bgcolor=\"#7d7d7d\" height=\"1\"></td>\n  </tr>\n  <tr>\n    <td bgcolor=\"#fff\" height=\"1\"></td>\n  </tr>\n  <tr>\n    <td bgcolor=\"#ffc29a\" height=\"1\"></td>\n  </tr>\n  <tr>\n    <td bgcolor=\"#ff6600\" height=\"14\"></td>\n  </tr>\n  <tr>\n    <td>\n		  <table width=\"677\" border=\"0\" cellpadding=\"0\" cellspacing=\"0\">\n		    <tr>\n			    <td bgcolor=\"#ff6600\" width=\"11\" ></td>\n			    <td bgcolor=\"#fff\" width=\"15\" ></td>\n			    <td bgcolor=\"#fff\" width=\"434\" valign=\"top\">\n				    <table width=\"434\" border=\"0\" cellpadding=\"0\" cellspacing=\"0\">\n				      <tr>\n					      <td style=\"color:#333;font-size:12px;padding: 10px 0;line-height:1.5em\">\n						      No te lo pierdas!<br/>Estas son las ofertas de <a href=\"http://ahorraseguro.com.ar\" style=\"text-decoration:none;color:#333;\">Ahorrá Seguro</a> para vos.\n					      </td>\n				      </tr>\n				        				      <tr>\n	<td style=\"border-top:1px dashed #ccc;border-bottom:1px dashed #ccc;font-weight: bold;font-size:18px;padding:7px 0\">\n    <a href=\"http://ahorraseguro.com.ar/deal/3\" style=\"text-decoration:none;color:#333;\">\n  		A Tus Pies en Buenas Manos    </a>\n	</td>\n</tr>\n<tr>\n  <td height=\"9\"></td>\n</tr>\n<tr>\n	<td>\n		<table width=\"434\" border=\"0\" cellpadding=\"0\" cellspacing=\"0\">\n  	  <tr>\n			<td>\n				<table width=\"202\" height=\"230\" border=\"0\" cellpadding=\"0\" cellspacing=\"0\">\n				  <tr>\n					  <td>\n              <a href=\"http://ahorraseguro.com.ar/deal/3\"><img width=\"200\" height=\"200\" src=\"http://ahorraseguro.com.ar/uploads/deals/m-5318a21e35ea7980e04e2407f982bbf21c11f29f.jpg\" /></a>					  </td>\n				  </tr>\n				  <tr>\n  					<td height=\"4\"></td>\n				  </tr>\n				  <tr>\n					  <td height=\"22\" style=\"color:#333;font-size:12px; border:1px solid #99c368;padding:5px\">\n					    Con tu compra AHORRÁ <strong>$20</strong>\n					  </td>\n				  </tr>\n				</table>\n			</td>\n			<td width=\"14\"></td>\n			<td>\n				<table width=\"218\" height=\"230\" border=\"0\" cellpadding=\"0\" cellspacing=\"0\">\n				  <tr>\n					  <td bgcolor=\"#93aa28\" width=\"218\" height=\"70\">\n						  <table width=\"218\">\n						    <tr style=\"text-align: center;\">\n							    <td>\n								    <a href=\"http://ahorraseguro.com.ar/deal/3\" style=\"font-weight:bold;font-size:32px;color: #fff;text-decoration:none\">\n									    $80								    </a>\n							    </td>\n							    <td>\n								    <a href=\"http://ahorraseguro.com.ar/deal/3\" style=\"padding:12px 8px;font-size:14px;color: #444;background:#fecd07;border:3px solid #fff;border-radius:15px;text-decoration:none\">\n									    VER MÁS\n								    </a>\n							    </td>\n						    </tr>\n						  </table>\n					  </td>\n				  </tr>\n				  <tr>\n					  <td bgcolor=\"#ddedcc\" width=\"218\" height=\"47\" style=\"color:#484848; border:1px solid #99c368;font-weight:bold;\">\n						  <table width=\"218\">\n						    <tr style=\"font-size:12px;text-align: center;\">\n							    <td>Valor</td>\n							    <td>Descuento</td>\n							    <td>Ahorro</td>\n						    </tr>\n						    <tr style=\"font-size:18px;text-align: center;\">\n                  <td>$100</td>\n                  <td>20%</td>\n                  <td>$20</td>\n						    </tr>\n						  </table>\n					  </td>\n				  </tr>\n				  <tr>\n  					<td height=\"6\"></td>\n				  </tr>\n				  <tr>\n					  <td bgcolor=\"#cbe4f5\" height=\"58\" style=\"color:#333;font-size:12px; border:1px solid #65c8e2;padding:5px;font-weight:bold;text-align: center;\">\n						  Finaliza el 1 de diciembre <br/>a las 23:55hs					  </td>\n				  </tr>\n				  <tr>\n  					<td height=\"6\"></td>\n				  </tr>\n				  <tr>\n					  <td bgcolor=\"#e7e7e7\" height=\"42\" style=\"border:1px solid #ccc;\">\n							<a href=\"http://ahorraseguro.com.ar\" style=\"color:#333;font-size:12px; padding:5px;text-align: center;display:block;text-decoration:none\">\n  						  Quiero ver más <strong>ofertas!</strong>\n					    </a>\n					  </td>\n				  </tr>\n				</table>\n			</td>\n		  </tr>\n		</table>\n	</td>\n</tr>\n<tr>\n  <td height=\"20\"></td>\n</tr>\n\n				        				      <tr>\n	<td style=\"border-top:1px dashed #ccc;border-bottom:1px dashed #ccc;font-weight: bold;font-size:18px;padding:7px 0\">\n    <a href=\"http://ahorraseguro.com.ar/deal/2\" style=\"text-decoration:none;color:#333;\">\n  		Mística Método Pilates    </a>\n	</td>\n</tr>\n<tr>\n  <td height=\"9\"></td>\n</tr>\n<tr>\n	<td>\n		<table width=\"434\" border=\"0\" cellpadding=\"0\" cellspacing=\"0\">\n  	  <tr>\n			<td>\n				<table width=\"202\" height=\"230\" border=\"0\" cellpadding=\"0\" cellspacing=\"0\">\n				  <tr>\n					  <td>\n              <a href=\"http://ahorraseguro.com.ar/deal/2\"><img width=\"200\" height=\"200\" src=\"http://ahorraseguro.com.ar/uploads/deals/m-30bcf16f554b16773bb12e7684b8a85438dbe914.jpg\" /></a>					  </td>\n				  </tr>\n				  <tr>\n  					<td height=\"4\"></td>\n				  </tr>\n				  <tr>\n					  <td height=\"22\" style=\"color:#333;font-size:12px; border:1px solid #99c368;padding:5px\">\n					    Con tu compra AHORRÁ <strong>$120</strong>\n					  </td>\n				  </tr>\n				</table>\n			</td>\n			<td width=\"14\"></td>\n			<td>\n				<table width=\"218\" height=\"230\" border=\"0\" cellpadding=\"0\" cellspacing=\"0\">\n				  <tr>\n					  <td bgcolor=\"#93aa28\" width=\"218\" height=\"70\">\n						  <table width=\"218\">\n						    <tr style=\"text-align: center;\">\n							    <td>\n								    <a href=\"http://ahorraseguro.com.ar/deal/2\" style=\"font-weight:bold;font-size:32px;color: #fff;text-decoration:none\">\n									    $280								    </a>\n							    </td>\n							    <td>\n								    <a href=\"http://ahorraseguro.com.ar/deal/2\" style=\"padding:12px 8px;font-size:14px;color: #444;background:#fecd07;border:3px solid #fff;border-radius:15px;text-decoration:none\">\n									    VER MÁS\n								    </a>\n							    </td>\n						    </tr>\n						  </table>\n					  </td>\n				  </tr>\n				  <tr>\n					  <td bgcolor=\"#ddedcc\" width=\"218\" height=\"47\" style=\"color:#484848; border:1px solid #99c368;font-weight:bold;\">\n						  <table width=\"218\">\n						    <tr style=\"font-size:12px;text-align: center;\">\n							    <td>Valor</td>\n							    <td>Descuento</td>\n							    <td>Ahorro</td>\n						    </tr>\n						    <tr style=\"font-size:18px;text-align: center;\">\n                  <td>$400</td>\n                  <td>30%</td>\n                  <td>$120</td>\n						    </tr>\n						  </table>\n					  </td>\n				  </tr>\n				  <tr>\n  					<td height=\"6\"></td>\n				  </tr>\n				  <tr>\n					  <td bgcolor=\"#cbe4f5\" height=\"58\" style=\"color:#333;font-size:12px; border:1px solid #65c8e2;padding:5px;font-weight:bold;text-align: center;\">\n						  Finaliza el 1 de diciembre <br/>a las 23:55hs					  </td>\n				  </tr>\n				  <tr>\n  					<td height=\"6\"></td>\n				  </tr>\n				  <tr>\n					  <td bgcolor=\"#e7e7e7\" height=\"42\" style=\"border:1px solid #ccc;\">\n							<a href=\"http://ahorraseguro.com.ar\" style=\"color:#333;font-size:12px; padding:5px;text-align: center;display:block;text-decoration:none\">\n  						  Quiero ver más <strong>ofertas!</strong>\n					    </a>\n					  </td>\n				  </tr>\n				</table>\n			</td>\n		  </tr>\n		</table>\n	</td>\n</tr>\n<tr>\n  <td height=\"20\"></td>\n</tr>\n\n				      				      <tr>\n      					<td height=\"30\"></td>\n				      </tr>\n				    </table>\n			    </td>\n			    <td bgcolor=\"#fff\" width=\"15\" ></td>\n			    <td bgcolor=\"#ff6600\" width=\"11\" ></td>\n			    <td bgcolor=\"#fff\" width=\"15\" ></td>\n			    <td bgcolor=\"#fff\" width=\"150\" valign=\"top\">\n				    <table width=\"150\" border=\"0\" cellpadding=\"0\" cellspacing=\"0\" >\n				        				      <tr><td height=\"8\"></td></tr>\n<tr>\n	<td style=\"border-top:1px dashed #ccc;border-bottom:1px dashed #ccc;font-size:12px;padding: 5px 0;\">\n    <a href=\"http://ahorraseguro.com.ar/deal/10\" style=\"text-decoration:none;color:#333;font-weight:bold;\">\n  		Alisado definitivo    </a>\n	</td>\n</tr>\n<tr><td height=\"5\"></td></tr>\n<tr>\n	<td>\n    <a href=\"http://ahorraseguro.com.ar/deal/10\"><img width=\"150\" height=\"150\" src=\"http://ahorraseguro.com.ar/uploads/deals/s-e03c8fca7d3d38289bb6ea5446e7c7dfbce44a52.jpg\" /></a>  </td>\n</tr>\n<tr><td height=\"3\"></td></tr>\n<tr bgcolor=\"#93aa28\" height=\"35\">\n  <td style=\"text-align: center;\">\n    <a href=\"http://ahorraseguro.com.ar/deal/10\" style=\"font-weight:bold;font-size:18px;color: #ccc;text-decoration:line-through\">$880</a>\n    &nbsp;\n    <a href=\"http://ahorraseguro.com.ar/deal/10\" style=\"font-weight:bold;font-size:22px;color: #fff;text-decoration:none\">$616</a>\n  </td>\n</tr>\n<tr><td height=\"15\"></td></tr>\n				        				      <tr><td height=\"8\"></td></tr>\n<tr>\n	<td style=\"border-top:1px dashed #ccc;border-bottom:1px dashed #ccc;font-size:12px;padding: 5px 0;\">\n    <a href=\"http://ahorraseguro.com.ar/deal/6\" style=\"text-decoration:none;color:#333;font-weight:bold;\">\n  		¡Devolvé la vitalidad a tu cabello!    </a>\n	</td>\n</tr>\n<tr><td height=\"5\"></td></tr>\n<tr>\n	<td>\n    <a href=\"http://ahorraseguro.com.ar/deal/6\"><img width=\"150\" height=\"150\" src=\"http://ahorraseguro.com.ar/uploads/deals/s-22e2b13e0788d16f4bafc4488fbc90b20ad67c7a.jpg\" /></a>  </td>\n</tr>\n<tr><td height=\"3\"></td></tr>\n<tr bgcolor=\"#93aa28\" height=\"35\">\n  <td style=\"text-align: center;\">\n    <a href=\"http://ahorraseguro.com.ar/deal/6\" style=\"font-weight:bold;font-size:18px;color: #ccc;text-decoration:line-through\">$200</a>\n    &nbsp;\n    <a href=\"http://ahorraseguro.com.ar/deal/6\" style=\"font-weight:bold;font-size:22px;color: #fff;text-decoration:none\">$50</a>\n  </td>\n</tr>\n<tr><td height=\"15\"></td></tr>\n				      				      <tr>\n      					<td height=\"30\"></td>\n				      </tr>\n				    </table>			    \n			    </td>\n			    <td bgcolor=\"#fff\" width=\"15\" ></td>\n			    <td bgcolor=\"#ff6600\" width=\"11\" ></td>\n		    </tr>\n		  </table>\n	  </td>\n  </tr>\n  <tr>\n    <td bgcolor=\"#ff6600\"height=\"19\"></td>\n  </tr>\n  <tr>\n    <td bgcolor=\"ffc29a\" height=\"1\"></td>\n  </tr>\n  <tr>\n    <td bgcolor=\"#fff\" height=\"1\"></td>\n  </tr>\n  <tr>\n    <td bgcolor=\"#7d7d7d\" height=\"1\"></td>\n  </tr>\n  <tr>\n    <td bgcolor=\"#262626\" height=\"70\" style=\"padding:20px;font-size:10px; color:#fff\">\n		  <span> Este e-mail no podrá ser considerado SPAM mientras incluya una forma de ser removido </span>\n		  <br/>\n		  <br/>\n		  <span> -- </span>\n		  <br/>\n		  <span> Si usted no quiere recibir más este newsletter, <a href=\"http://ahorraseguro.com.ar{unsuscribe_uri}\" style=\"text-decoration:underline;color:#fff\">haga click aqui </a></span>\n	  </td>\n  </tr>\n</table>\n',4,3,0,1,4,'2011-12-01 03:14:20','2011-12-01 03:18:02'),(3,'info@ahorraserguro.com.ar','Ahorra Seguro','Faustino Resto - Carpa plegable y autoarmable, ideal para jugar y p','<table style=\"font-family: verdana\" width=\"677\"  border=\"0\" cellpadding=\"0\" cellspacing=\"0\">\n  <tr bgcolor=\"#fff\" >\n    <td style=\"text-align:right;padding:10px;font-size:12px; color:#222\">\n      Si no puede visualizar bien este mensaje, <a href=\"http://ahorraseguro.com.ar\" style=\"color:#222\">haga click aquí</a>\n	  </td>\n  </tr>\n  <tr bgcolor=\"#fda424\" >\n    <td style=\"text-align:right;padding:22px 15px 10px 0;letter-spacing:-1px;font-size:12px; color:#222\">\n      OFERTONES | DESCUENTOS | PROMOCIONES y MUCHO MÁS\n	  </td>\n  </tr>\n  <tr bgcolor=\"#262626\" height=\"95\">\n    <td style=\"padding-left:15px;background: url(/images/newsletter/header.jpg) center right no-repeat\">\n      <a href=\"http://ahorraseguro.com.ar\">\n	      <img alt=\"Ahorra Seguro\" src=\"http://ahorraseguro.com.ar/images/logo.png\" />      </a>\n	  </td>\n  </tr>\n  <tr>\n    <td bgcolor=\"#7d7d7d\" height=\"1\"></td>\n  </tr>\n  <tr>\n    <td bgcolor=\"#fff\" height=\"1\"></td>\n  </tr>\n  <tr>\n    <td bgcolor=\"#ffc29a\" height=\"1\"></td>\n  </tr>\n  <tr>\n    <td bgcolor=\"#fda424\" height=\"14\"></td>\n  </tr>\n  <tr>\n    <td>\n		  <table width=\"677\" border=\"0\" cellpadding=\"0\" cellspacing=\"0\">\n		    <tr>\n			    <td bgcolor=\"#fda424\" width=\"11\" ></td>\n			    <td bgcolor=\"#fff\" width=\"15\" ></td>\n			    <td bgcolor=\"#fff\" width=\"434\" valign=\"top\">\n				    <table width=\"434\" border=\"0\" cellpadding=\"0\" cellspacing=\"0\">\n              <tr>\n	              <td style=\"font-weight: bold;font-size:18px;padding:7px 0\">\n                  OFERTAS de HOY\n	              </td>\n              </tr>\n				        				      <tr>\n	<td style=\"border-top:1px dashed #ccc;border-bottom:1px dashed #ccc;font-size:18px;padding:7px 0\">\n    <a href=\"http://ahorraseguro.com.ar/deal/4\" style=\"text-decoration:none;color:#333;\">\n  		Faustino Resto    </a>\n	</td>\n</tr>\n<tr>\n  <td height=\"9\"></td>\n</tr>\n<tr>\n	<td>\n		<table width=\"434\" border=\"0\" cellpadding=\"0\" cellspacing=\"0\">\n  	  <tr>\n			<td>\n				<table width=\"202\" height=\"230\" border=\"0\" cellpadding=\"0\" cellspacing=\"0\">\n				  <tr>\n					  <td>\n              <a href=\"http://ahorraseguro.com.ar/deal/4\"><img width=\"200\" height=\"200\" src=\"http://ahorraseguro.com.ar/uploads/deals/m-4d61aeec293be50fa3cdc94b135ad38f64ab894d.jpg\" /></a>					  </td>\n				  </tr>\n				  <tr>\n  					<td height=\"4\"></td>\n				  </tr>\n				  <tr>\n					  <td height=\"22\" style=\"color:#333;font-size:12px; border:1px solid #99c368;padding:5px\">\n					    Con tu compra AHORRÁ <strong>$25</strong>\n					  </td>\n				  </tr>\n				</table>\n			</td>\n			<td width=\"14\"></td>\n			<td>\n				<table width=\"218\" height=\"230\" border=\"0\" cellpadding=\"0\" cellspacing=\"0\">\n				  <tr>\n					  <td bgcolor=\"#93aa28\" width=\"218\" height=\"70\">\n						  <table width=\"218\">\n						    <tr style=\"text-align: center;\">\n							    <td>\n								    <a href=\"http://ahorraseguro.com.ar/deal/4\" style=\"font-weight:bold;font-size:32px;color: #fff;text-decoration:none\">\n									    $225								    </a>\n							    </td>\n							    <td>\n								    <a href=\"http://ahorraseguro.com.ar/deal/4\" style=\"padding:12px 8px;font-size:14px;color: #444;background:#fecd07;border:3px solid #fff;border-radius:15px;text-decoration:none\">\n									    VER MÁS\n								    </a>\n							    </td>\n						    </tr>\n						  </table>\n					  </td>\n				  </tr>\n				  <tr>\n					  <td bgcolor=\"#ddedcc\" width=\"218\" height=\"47\" style=\"color:#484848; border:1px solid #99c368;font-weight:bold;\">\n						  <table width=\"218\">\n						    <tr style=\"font-size:12px;text-align: center;\">\n							    <td>Valor</td>\n							    <td>Descuento</td>\n							    <td>Ahorro</td>\n						    </tr>\n						    <tr style=\"font-size:18px;text-align: center;\">\n                  <td>$250</td>\n                  <td>10%</td>\n                  <td>$25</td>\n						    </tr>\n						  </table>\n					  </td>\n				  </tr>\n				  <tr>\n  					<td height=\"6\"></td>\n				  </tr>\n				  <tr>\n					  <td bgcolor=\"#cbe4f5\" height=\"58\" style=\"color:#333;font-size:12px; border:1px solid #65c8e2;padding:5px;font-weight:bold;text-align: center;\">\n						  Finaliza el 17 de diciembre <br/>a las 23:45hs					  </td>\n				  </tr>\n				  <tr>\n  					<td height=\"6\"></td>\n				  </tr>\n				  <tr>\n					  <td bgcolor=\"#e7e7e7\" height=\"42\" style=\"border:1px solid #ccc;\">\n							<a href=\"http://ahorraseguro.com.ar\" style=\"color:#333;font-size:12px; padding:5px;text-align: center;display:block;text-decoration:none\">\n  						  Quiero ver más <strong>ofertas!</strong>\n					    </a>\n					  </td>\n				  </tr>\n				</table>\n			</td>\n		  </tr>\n		</table>\n	</td>\n</tr>\n<tr>\n  <td height=\"20\"></td>\n</tr>\n\n				        				      <tr>\n	<td style=\"border-top:1px dashed #ccc;border-bottom:1px dashed #ccc;font-size:18px;padding:7px 0\">\n    <a href=\"http://ahorraseguro.com.ar/deal/25\" style=\"text-decoration:none;color:#333;\">\n  		Carpa plegable y autoarmable, ideal para jugar y para la playa x $120 ¡Con delivery opcional a Capital! 50% de descuento en Adrylor!    </a>\n	</td>\n</tr>\n<tr>\n  <td height=\"9\"></td>\n</tr>\n<tr>\n	<td>\n		<table width=\"434\" border=\"0\" cellpadding=\"0\" cellspacing=\"0\">\n  	  <tr>\n			<td>\n				<table width=\"202\" height=\"230\" border=\"0\" cellpadding=\"0\" cellspacing=\"0\">\n				  <tr>\n					  <td>\n              <a href=\"http://ahorraseguro.com.ar/deal/25\"><img width=\"200\" height=\"200\" src=\"http://ahorraseguro.com.ar/uploads/deals/m-c82463760d0802286d5ea64c4cdbe88906e7137c.jpg\" /></a>					  </td>\n				  </tr>\n				  <tr>\n  					<td height=\"4\"></td>\n				  </tr>\n				  <tr>\n					  <td height=\"22\" style=\"color:#333;font-size:12px; border:1px solid #99c368;padding:5px\">\n					    Con tu compra AHORRÁ <strong>$120</strong>\n					  </td>\n				  </tr>\n				</table>\n			</td>\n			<td width=\"14\"></td>\n			<td>\n				<table width=\"218\" height=\"230\" border=\"0\" cellpadding=\"0\" cellspacing=\"0\">\n				  <tr>\n					  <td bgcolor=\"#93aa28\" width=\"218\" height=\"70\">\n						  <table width=\"218\">\n						    <tr style=\"text-align: center;\">\n							    <td>\n								    <a href=\"http://ahorraseguro.com.ar/deal/25\" style=\"font-weight:bold;font-size:32px;color: #fff;text-decoration:none\">\n									    $120								    </a>\n							    </td>\n							    <td>\n								    <a href=\"http://ahorraseguro.com.ar/deal/25\" style=\"padding:12px 8px;font-size:14px;color: #444;background:#fecd07;border:3px solid #fff;border-radius:15px;text-decoration:none\">\n									    VER MÁS\n								    </a>\n							    </td>\n						    </tr>\n						  </table>\n					  </td>\n				  </tr>\n				  <tr>\n					  <td bgcolor=\"#ddedcc\" width=\"218\" height=\"47\" style=\"color:#484848; border:1px solid #99c368;font-weight:bold;\">\n						  <table width=\"218\">\n						    <tr style=\"font-size:12px;text-align: center;\">\n							    <td>Valor</td>\n							    <td>Descuento</td>\n							    <td>Ahorro</td>\n						    </tr>\n						    <tr style=\"font-size:18px;text-align: center;\">\n                  <td>$240</td>\n                  <td>50%</td>\n                  <td>$120</td>\n						    </tr>\n						  </table>\n					  </td>\n				  </tr>\n				  <tr>\n  					<td height=\"6\"></td>\n				  </tr>\n				  <tr>\n					  <td bgcolor=\"#cbe4f5\" height=\"58\" style=\"color:#333;font-size:12px; border:1px solid #65c8e2;padding:5px;font-weight:bold;text-align: center;\">\n						  Finaliza el 17 de diciembre <br/>a las 21:55hs					  </td>\n				  </tr>\n				  <tr>\n  					<td height=\"6\"></td>\n				  </tr>\n				  <tr>\n					  <td bgcolor=\"#e7e7e7\" height=\"42\" style=\"border:1px solid #ccc;\">\n							<a href=\"http://ahorraseguro.com.ar\" style=\"color:#333;font-size:12px; padding:5px;text-align: center;display:block;text-decoration:none\">\n  						  Quiero ver más <strong>ofertas!</strong>\n					    </a>\n					  </td>\n				  </tr>\n				</table>\n			</td>\n		  </tr>\n		</table>\n	</td>\n</tr>\n<tr>\n  <td height=\"20\"></td>\n</tr>\n\n				      				      <tr>\n      					<td height=\"30\"></td>\n				      </tr>\n				    </table>\n			    </td>\n			    <td bgcolor=\"#fff\" width=\"15\" ></td>\n			    <td bgcolor=\"#fda424\" width=\"11\" ></td>\n			    <td bgcolor=\"#fff\" width=\"15\" ></td>\n			    <td bgcolor=\"#fff\" width=\"150\" valign=\"top\">\n				    <table width=\"150\" border=\"0\" cellpadding=\"0\" cellspacing=\"0\" >\n              <td style=\"font-weight: bold;font-size:14px;padding:7px 0\">\n                DESCUENTOS\n              </td>\n				      				      <tr>\n      					<td height=\"30\"></td>\n				      </tr>\n				    </table>			    \n			    </td>\n			    <td bgcolor=\"#fff\" width=\"15\" ></td>\n			    <td bgcolor=\"#fda424\" width=\"11\" ></td>\n		    </tr>\n		  </table>\n	  </td>\n  </tr>\n  <tr>\n    <td bgcolor=\"#fda424\"height=\"19\"></td>\n  </tr>\n  <tr>\n    <td bgcolor=\"ffc29a\" height=\"1\"></td>\n  </tr>\n  <tr>\n    <td bgcolor=\"#fff\" height=\"1\"></td>\n  </tr>\n  <tr>\n    <td bgcolor=\"#7d7d7d\" height=\"1\"></td>\n  </tr>\n  <tr>\n    <td bgcolor=\"#262626\" height=\"70\" style=\"padding:20px;font-size:10px; color:#fff\">\n		  <span> Este e-mail no podrá ser considerado SPAM mientras incluya una forma de ser removido </span>\n		  <br/>\n		  <br/>\n		  <span> -- </span>\n		  <br/>\n		  <span> Si usted no quiere recibir más este newsletter, <a href=\"http://ahorraseguro.com.ar{unsuscribe_uri}\" style=\"text-decoration:underline;color:#fff\">haga click aqui </a></span>\n	  </td>\n  </tr>\n</table>\n',3,3,0,1,3,'2011-12-17 00:00:02','2011-12-17 00:03:02'),(4,'info@ahorraserguro.com.ar','Ahorra Seguro','A Tus Pies en Buenas Manos - ¡Devolvé la vitalidad a tu cabello!','<table style=\"font-family: verdana\" width=\"677\"  border=\"0\" cellpadding=\"0\" cellspacing=\"0\">\n  <tr bgcolor=\"#fff\" >\n    <td style=\"text-align:right;padding:10px;font-size:12px; color:#222\">\n      Si no puede visualizar bien este mensaje, <a href=\"http://ahorraseguro.com.ar\" style=\"color:#222\">haga click aquí</a>\n	  </td>\n  </tr>\n  <tr bgcolor=\"#fda424\" >\n    <td style=\"text-align:right;padding:22px 15px 10px 0;letter-spacing:-1px;font-size:12px; color:#222\">\n      OFERTONES | DESCUENTOS | PROMOCIONES y MUCHO MÁS\n	  </td>\n  </tr>\n  <tr bgcolor=\"#262626\" height=\"95\">\n    <td style=\"padding-left:15px;background: url(http://ahorraseguro.com.ar/images/newsletter/header.jpg) center right no-repeat\">\n      <a href=\"http://ahorraseguro.com.ar\">\n	      <img alt=\"Ahorra Seguro\" src=\"http://ahorraseguro.com.ar/images/logo.png\" />      </a>\n	  </td>\n  </tr>\n  <tr>\n    <td bgcolor=\"#7d7d7d\" height=\"1\"></td>\n  </tr>\n  <tr>\n    <td bgcolor=\"#fff\" height=\"1\"></td>\n  </tr>\n  <tr>\n    <td bgcolor=\"#ffc29a\" height=\"1\"></td>\n  </tr>\n  <tr>\n    <td bgcolor=\"#fda424\" height=\"14\"></td>\n  </tr>\n  <tr>\n    <td>\n		  <table width=\"677\" border=\"0\" cellpadding=\"0\" cellspacing=\"0\">\n		    <tr>\n			    <td bgcolor=\"#fda424\" width=\"11\" ></td>\n			    <td bgcolor=\"#fff\" width=\"15\" ></td>\n			    <td bgcolor=\"#fff\" width=\"434\" valign=\"top\">\n				    <table width=\"434\" border=\"0\" cellpadding=\"0\" cellspacing=\"0\">\n              <tr>\n	              <td style=\"font-weight: bold;font-size:18px;padding:7px 0\">\n                  OFERTAS de HOY\n	              </td>\n              </tr>\n				        				      <tr>\n	<td style=\"border-top:1px dashed #ccc;border-bottom:1px dashed #ccc;font-size:18px;padding:7px 0\">\n    <a href=\"http://ahorraseguro.com.ar/deal/3\" style=\"text-decoration:none;color:#333;\">\n  		A Tus Pies en Buenas Manos    </a>\n	</td>\n</tr>\n<tr>\n  <td height=\"9\"></td>\n</tr>\n<tr>\n	<td>\n		<table width=\"434\" border=\"0\" cellpadding=\"0\" cellspacing=\"0\">\n  	  <tr>\n			<td>\n				<table width=\"202\" height=\"230\" border=\"0\" cellpadding=\"0\" cellspacing=\"0\">\n				  <tr>\n					  <td>\n              <a href=\"http://ahorraseguro.com.ar/deal/3\"><img width=\"200\" height=\"200\" src=\"http://ahorraseguro.com.ar/uploads/deals/m-5318a21e35ea7980e04e2407f982bbf21c11f29f.jpg\" /></a>					  </td>\n				  </tr>\n				  <tr>\n  					<td height=\"4\"></td>\n				  </tr>\n				  <tr>\n					  <td height=\"22\" style=\"color:#333;font-size:12px; border:1px solid #99c368;padding:5px\">\n					    Con tu compra AHORRÁ <strong>$20</strong>\n					  </td>\n				  </tr>\n				</table>\n			</td>\n			<td width=\"14\"></td>\n			<td>\n				<table width=\"218\" height=\"230\" border=\"0\" cellpadding=\"0\" cellspacing=\"0\">\n				  <tr>\n					  <td bgcolor=\"#93aa28\" width=\"218\" height=\"70\">\n						  <table width=\"218\">\n						    <tr style=\"text-align: center;\">\n							    <td>\n								    <a href=\"http://ahorraseguro.com.ar/deal/3\" style=\"font-weight:bold;font-size:32px;color: #fff;text-decoration:none\">\n									    $80								    </a>\n							    </td>\n							    <td>\n								    <a href=\"http://ahorraseguro.com.ar/deal/3\" style=\"padding:12px 8px;font-size:14px;color: #444;background:#fecd07;border:3px solid #fff;border-radius:15px;text-decoration:none\">\n									    VER MÁS\n								    </a>\n							    </td>\n						    </tr>\n						  </table>\n					  </td>\n				  </tr>\n				  <tr>\n					  <td bgcolor=\"#ddedcc\" width=\"218\" height=\"47\" style=\"color:#484848; border:1px solid #99c368;font-weight:bold;\">\n						  <table width=\"218\">\n						    <tr style=\"font-size:12px;text-align: center;\">\n							    <td>Valor</td>\n							    <td>Descuento</td>\n							    <td>Ahorro</td>\n						    </tr>\n						    <tr style=\"font-size:18px;text-align: center;\">\n                  <td>$100</td>\n                  <td>20%</td>\n                  <td>$20</td>\n						    </tr>\n						  </table>\n					  </td>\n				  </tr>\n				  <tr>\n  					<td height=\"6\"></td>\n				  </tr>\n				  <tr>\n					  <td bgcolor=\"#cbe4f5\" height=\"58\" style=\"color:#333;font-size:12px; border:1px solid #65c8e2;padding:5px;font-weight:bold;text-align: center;\">\n						  Finaliza el 21 de diciembre <br/>a las 23:55hs					  </td>\n				  </tr>\n				  <tr>\n  					<td height=\"6\"></td>\n				  </tr>\n				  <tr>\n					  <td bgcolor=\"#e7e7e7\" height=\"42\" style=\"border:1px solid #ccc;\">\n							<a href=\"http://ahorraseguro.com.ar\" style=\"color:#333;font-size:12px; padding:5px;text-align: center;display:block;text-decoration:none\">\n  						  Quiero ver más <strong>ofertas!</strong>\n					    </a>\n					  </td>\n				  </tr>\n				</table>\n			</td>\n		  </tr>\n		</table>\n	</td>\n</tr>\n<tr>\n  <td height=\"20\"></td>\n</tr>\n\n				        				      <tr>\n	<td style=\"border-top:1px dashed #ccc;border-bottom:1px dashed #ccc;font-size:18px;padding:7px 0\">\n    <a href=\"http://ahorraseguro.com.ar/deal/6\" style=\"text-decoration:none;color:#333;\">\n  		¡Devolvé la vitalidad a tu cabello!    </a>\n	</td>\n</tr>\n<tr>\n  <td height=\"9\"></td>\n</tr>\n<tr>\n	<td>\n		<table width=\"434\" border=\"0\" cellpadding=\"0\" cellspacing=\"0\">\n  	  <tr>\n			<td>\n				<table width=\"202\" height=\"230\" border=\"0\" cellpadding=\"0\" cellspacing=\"0\">\n				  <tr>\n					  <td>\n              <a href=\"http://ahorraseguro.com.ar/deal/6\"><img width=\"200\" height=\"200\" src=\"http://ahorraseguro.com.ar/uploads/deals/m-22e2b13e0788d16f4bafc4488fbc90b20ad67c7a.jpg\" /></a>					  </td>\n				  </tr>\n				  <tr>\n  					<td height=\"4\"></td>\n				  </tr>\n				  <tr>\n					  <td height=\"22\" style=\"color:#333;font-size:12px; border:1px solid #99c368;padding:5px\">\n					    Con tu compra AHORRÁ <strong>$150</strong>\n					  </td>\n				  </tr>\n				</table>\n			</td>\n			<td width=\"14\"></td>\n			<td>\n				<table width=\"218\" height=\"230\" border=\"0\" cellpadding=\"0\" cellspacing=\"0\">\n				  <tr>\n					  <td bgcolor=\"#93aa28\" width=\"218\" height=\"70\">\n						  <table width=\"218\">\n						    <tr style=\"text-align: center;\">\n							    <td>\n								    <a href=\"http://ahorraseguro.com.ar/deal/6\" style=\"font-weight:bold;font-size:32px;color: #fff;text-decoration:none\">\n									    $50								    </a>\n							    </td>\n							    <td>\n								    <a href=\"http://ahorraseguro.com.ar/deal/6\" style=\"padding:12px 8px;font-size:14px;color: #444;background:#fecd07;border:3px solid #fff;border-radius:15px;text-decoration:none\">\n									    VER MÁS\n								    </a>\n							    </td>\n						    </tr>\n						  </table>\n					  </td>\n				  </tr>\n				  <tr>\n					  <td bgcolor=\"#ddedcc\" width=\"218\" height=\"47\" style=\"color:#484848; border:1px solid #99c368;font-weight:bold;\">\n						  <table width=\"218\">\n						    <tr style=\"font-size:12px;text-align: center;\">\n							    <td>Valor</td>\n							    <td>Descuento</td>\n							    <td>Ahorro</td>\n						    </tr>\n						    <tr style=\"font-size:18px;text-align: center;\">\n                  <td>$200</td>\n                  <td>75%</td>\n                  <td>$150</td>\n						    </tr>\n						  </table>\n					  </td>\n				  </tr>\n				  <tr>\n  					<td height=\"6\"></td>\n				  </tr>\n				  <tr>\n					  <td bgcolor=\"#cbe4f5\" height=\"58\" style=\"color:#333;font-size:12px; border:1px solid #65c8e2;padding:5px;font-weight:bold;text-align: center;\">\n						  Finaliza el 21 de diciembre <br/>a las 23:35hs					  </td>\n				  </tr>\n				  <tr>\n  					<td height=\"6\"></td>\n				  </tr>\n				  <tr>\n					  <td bgcolor=\"#e7e7e7\" height=\"42\" style=\"border:1px solid #ccc;\">\n							<a href=\"http://ahorraseguro.com.ar\" style=\"color:#333;font-size:12px; padding:5px;text-align: center;display:block;text-decoration:none\">\n  						  Quiero ver más <strong>ofertas!</strong>\n					    </a>\n					  </td>\n				  </tr>\n				</table>\n			</td>\n		  </tr>\n		</table>\n	</td>\n</tr>\n<tr>\n  <td height=\"20\"></td>\n</tr>\n\n				      				      <tr>\n      					<td height=\"30\"></td>\n				      </tr>\n				    </table>\n			    </td>\n			    <td bgcolor=\"#fff\" width=\"15\" ></td>\n			    <td bgcolor=\"#fda424\" width=\"11\" ></td>\n			    <td bgcolor=\"#fff\" width=\"15\" ></td>\n			    <td bgcolor=\"#fff\" width=\"150\" valign=\"top\">\n				    <table width=\"150\" border=\"0\" cellpadding=\"0\" cellspacing=\"0\" >\n              <td style=\"font-weight: bold;font-size:14px;padding:7px 0\">\n                DESCUENTOS\n              </td>\n				        				      <tr>\n	<td style=\"border-top:1px dashed #ccc;border-bottom:1px dashed #ccc;font-size:12px;padding: 5px 0;\">\n    <a href=\"http://ahorraseguro.com.ar/deal/4\" style=\"text-decoration:none;color:#333;\">\n  		Faustino Resto    </a>\n	</td>\n</tr>\n<tr><td height=\"5\"></td></tr>\n<tr>\n	<td>\n    <a href=\"http://ahorraseguro.com.ar/deal/4\"><img width=\"150\" height=\"150\" src=\"http://ahorraseguro.com.ar/uploads/deals/s-4d61aeec293be50fa3cdc94b135ad38f64ab894d.jpg\" /></a>  </td>\n</tr>\n<tr><td height=\"3\"></td></tr>\n<tr bgcolor=\"#93aa28\" height=\"35\">\n  <td style=\"text-align: center;\">\n    <a href=\"http://ahorraseguro.com.ar/deal/4\" style=\"font-weight:bold;font-size:18px;color: #ccc;text-decoration:line-through\">$250</a>\n    &nbsp;\n    <a href=\"http://ahorraseguro.com.ar/deal/4\" style=\"font-weight:bold;font-size:22px;color: #fff;text-decoration:none\">$225</a>\n  </td>\n</tr>\n<tr><td height=\"23\"></td></tr>\n				        				      <tr>\n	<td style=\"border-top:1px dashed #ccc;border-bottom:1px dashed #ccc;font-size:12px;padding: 5px 0;\">\n    <a href=\"http://ahorraseguro.com.ar/deal/5\" style=\"text-decoration:none;color:#333;\">\n  		¡Probá algo distinto en Brands!     </a>\n	</td>\n</tr>\n<tr><td height=\"5\"></td></tr>\n<tr>\n	<td>\n    <a href=\"http://ahorraseguro.com.ar/deal/5\"><img width=\"150\" height=\"150\" src=\"http://ahorraseguro.com.ar/uploads/deals/s-327a2be543b9f44b8f448d1f1c2df369359ffaaa.jpg\" /></a>  </td>\n</tr>\n<tr><td height=\"3\"></td></tr>\n<tr bgcolor=\"#93aa28\" height=\"35\">\n  <td style=\"text-align: center;\">\n    <a href=\"http://ahorraseguro.com.ar/deal/5\" style=\"font-weight:bold;font-size:18px;color: #ccc;text-decoration:line-through\">$100</a>\n    &nbsp;\n    <a href=\"http://ahorraseguro.com.ar/deal/5\" style=\"font-weight:bold;font-size:22px;color: #fff;text-decoration:none\">$40</a>\n  </td>\n</tr>\n<tr><td height=\"23\"></td></tr>\n				      				      <tr>\n      					<td height=\"30\"></td>\n				      </tr>\n				    </table>			    \n			    </td>\n			    <td bgcolor=\"#fff\" width=\"15\" ></td>\n			    <td bgcolor=\"#fda424\" width=\"11\" ></td>\n		    </tr>\n		  </table>\n	  </td>\n  </tr>\n  <tr>\n    <td bgcolor=\"#fda424\"height=\"19\"></td>\n  </tr>\n  <tr>\n    <td bgcolor=\"ffc29a\" height=\"1\"></td>\n  </tr>\n  <tr>\n    <td bgcolor=\"#fff\" height=\"1\"></td>\n  </tr>\n  <tr>\n    <td bgcolor=\"#7d7d7d\" height=\"1\"></td>\n  </tr>\n  <tr>\n    <td bgcolor=\"#262626\" height=\"70\" style=\"padding:20px;font-size:10px; color:#fff\">\n		  <span> Este e-mail no podrá ser considerado SPAM mientras incluya una forma de ser removido </span>\n		  <br/>\n		  <br/>\n		  <span> -- </span>\n		  <br/>\n		  <span> Si usted no quiere recibir más este newsletter, <a href=\"http://ahorraseguro.com.ar{unsuscribe_uri}\" style=\"text-decoration:underline;color:#fff\">haga click aqui </a></span>\n	  </td>\n  </tr>\n</table>\n',3,3,0,1,3,'2011-12-21 00:00:09','2011-12-21 00:03:08');
/*!40000 ALTER TABLE `newsletter_message` ENABLE KEYS */;
UNLOCK TABLES;

--
-- Table structure for table `payment`
--

DROP TABLE IF EXISTS `payment`;
/*!40101 SET @saved_cs_client     = @@character_set_client */;
/*!40101 SET character_set_client = utf8 */;
CREATE TABLE `payment` (
  `id` bigint(20) NOT NULL AUTO_INCREMENT,
  `status` varchar(1) NOT NULL,
  `deal_id` bigint(20) NOT NULL,
  `price` bigint(20) NOT NULL,
  `created_at` datetime NOT NULL,
  `updated_at` datetime NOT NULL,
  `user_id` bigint(20) NOT NULL,
  `saved` bigint(20) NOT NULL,
  `quantity` bigint(20) NOT NULL,
  `offer` bigint(20) NOT NULL,
  `real_value` bigint(20) NOT NULL,
  `code` bigint(20) DEFAULT NULL,
  PRIMARY KEY (`id`),
  KEY `payment_deal_id_idx` (`deal_id`),
  KEY `payment_user_id_idx` (`user_id`),
  CONSTRAINT `payment_deal_id_deal_id` FOREIGN KEY (`deal_id`) REFERENCES `deal` (`id`),
  CONSTRAINT `payment_user_id_sf_guard_user_id` FOREIGN KEY (`user_id`) REFERENCES `sf_guard_user` (`id`) ON DELETE CASCADE
) ENGINE=InnoDB AUTO_INCREMENT=21 DEFAULT CHARSET=latin1;
/*!40101 SET character_set_client = @saved_cs_client */;

--
-- Dumping data for table `payment`
--

LOCK TABLES `payment` WRITE;
/*!40000 ALTER TABLE `payment` DISABLE KEYS */;
INSERT INTO `payment` VALUES (1,'C',4,225,'2011-05-24 18:29:49','2011-05-24 19:02:25',2,100,1,10,250,1001),(2,'E',4,225,'2011-05-24 19:06:56','2011-05-24 19:07:35',2,100,1,10,250,1002),(3,'E',4,225,'2011-05-24 19:07:57','2011-05-24 19:08:07',2,100,1,10,250,1003),(4,'E',16,54,'2011-05-24 19:11:32','2011-05-24 19:11:44',2,100,1,55,119,1004),(5,'E',16,54,'2011-05-24 19:12:13','2011-05-24 19:12:35',2,100,1,55,119,1005),(6,'P',16,54,'2011-05-24 19:13:04','2011-05-24 19:13:04',2,100,1,55,119,1006),(7,'P',16,54,'2011-05-24 19:21:18','2011-05-24 19:21:18',2,100,1,55,119,1007),(8,'C',16,54,'2011-05-24 19:21:37','2011-05-24 19:22:29',2,10,1,55,119,1008),(9,'E',16,54,'2011-05-24 19:39:21','2011-05-24 19:39:31',2,65,1,55,119,1009),(10,'E',16,54,'2011-05-25 01:13:34','2011-05-25 01:16:27',2,65,1,55,119,1010),(11,'E',16,54,'2011-05-25 04:29:05','2011-05-25 04:29:40',1,65,1,55,119,1011),(12,'P',4,225,'2011-06-09 05:23:08','2011-06-09 05:23:08',1,25,0,0,0,1012),(13,'C',16,54,'2011-06-09 06:07:35','2011-06-09 06:13:41',1,65,5,55,119,1013),(14,'C',4,225,'2011-06-09 07:37:21','2011-06-09 07:39:33',1,25,4,10,250,1014),(15,'C',4,225,'2011-06-09 07:52:01','2011-06-09 07:52:26',1,25,1,10,250,1015),(16,'E',4,225,'2011-06-14 02:28:45','2011-06-14 02:29:25',1,25,3,10,250,NULL),(17,'P',4,225,'2011-08-23 13:04:26','2011-08-23 13:04:26',1,25,1,10,250,NULL),(18,'P',21,480,'2011-08-26 01:03:31','2011-08-26 01:03:31',1,120,1,20,600,NULL),(19,'P',23,160,'2011-09-05 18:26:03','2011-09-05 18:26:03',1,240,1,60,400,NULL),(20,'P',8,20,'2012-04-20 16:51:59','2012-04-20 16:51:59',1,30,2,60,50,NULL);
/*!40000 ALTER TABLE `payment` ENABLE KEYS */;
UNLOCK TABLES;

--
-- Table structure for table `sf_guard_forgot_password`
--

DROP TABLE IF EXISTS `sf_guard_forgot_password`;
/*!40101 SET @saved_cs_client     = @@character_set_client */;
/*!40101 SET character_set_client = utf8 */;
CREATE TABLE `sf_guard_forgot_password` (
  `id` bigint(20) NOT NULL AUTO_INCREMENT,
  `user_id` bigint(20) NOT NULL,
  `unique_key` varchar(255) DEFAULT NULL,
  `expires_at` datetime NOT NULL,
  `created_at` datetime NOT NULL,
  `updated_at` datetime NOT NULL,
  PRIMARY KEY (`id`),
  KEY `user_id_idx` (`user_id`),
  CONSTRAINT `sf_guard_forgot_password_user_id_sf_guard_user_id` FOREIGN KEY (`user_id`) REFERENCES `sf_guard_user` (`id`) ON DELETE CASCADE
) ENGINE=InnoDB DEFAULT CHARSET=latin1;
/*!40101 SET character_set_client = @saved_cs_client */;

--
-- Dumping data for table `sf_guard_forgot_password`
--

LOCK TABLES `sf_guard_forgot_password` WRITE;
/*!40000 ALTER TABLE `sf_guard_forgot_password` DISABLE KEYS */;
/*!40000 ALTER TABLE `sf_guard_forgot_password` ENABLE KEYS */;
UNLOCK TABLES;

--
-- Table structure for table `sf_guard_group`
--

DROP TABLE IF EXISTS `sf_guard_group`;
/*!40101 SET @saved_cs_client     = @@character_set_client */;
/*!40101 SET character_set_client = utf8 */;
CREATE TABLE `sf_guard_group` (
  `id` bigint(20) NOT NULL AUTO_INCREMENT,
  `name` varchar(255) DEFAULT NULL,
  `description` text,
  `created_at` datetime NOT NULL,
  `updated_at` datetime NOT NULL,
  PRIMARY KEY (`id`),
  UNIQUE KEY `name` (`name`)
) ENGINE=InnoDB DEFAULT CHARSET=latin1;
/*!40101 SET character_set_client = @saved_cs_client */;

--
-- Dumping data for table `sf_guard_group`
--

LOCK TABLES `sf_guard_group` WRITE;
/*!40000 ALTER TABLE `sf_guard_group` DISABLE KEYS */;
/*!40000 ALTER TABLE `sf_guard_group` ENABLE KEYS */;
UNLOCK TABLES;

--
-- Table structure for table `sf_guard_group_permission`
--

DROP TABLE IF EXISTS `sf_guard_group_permission`;
/*!40101 SET @saved_cs_client     = @@character_set_client */;
/*!40101 SET character_set_client = utf8 */;
CREATE TABLE `sf_guard_group_permission` (
  `group_id` bigint(20) NOT NULL DEFAULT '0',
  `permission_id` bigint(20) NOT NULL DEFAULT '0',
  `created_at` datetime NOT NULL,
  `updated_at` datetime NOT NULL,
  PRIMARY KEY (`group_id`,`permission_id`),
  KEY `sf_guard_group_permission_permission_id_sf_guard_permission_id` (`permission_id`),
  CONSTRAINT `sf_guard_group_permission_group_id_sf_guard_group_id` FOREIGN KEY (`group_id`) REFERENCES `sf_guard_group` (`id`) ON DELETE CASCADE,
  CONSTRAINT `sf_guard_group_permission_permission_id_sf_guard_permission_id` FOREIGN KEY (`permission_id`) REFERENCES `sf_guard_permission` (`id`) ON DELETE CASCADE
) ENGINE=InnoDB DEFAULT CHARSET=latin1;
/*!40101 SET character_set_client = @saved_cs_client */;

--
-- Dumping data for table `sf_guard_group_permission`
--

LOCK TABLES `sf_guard_group_permission` WRITE;
/*!40000 ALTER TABLE `sf_guard_group_permission` DISABLE KEYS */;
/*!40000 ALTER TABLE `sf_guard_group_permission` ENABLE KEYS */;
UNLOCK TABLES;

--
-- Table structure for table `sf_guard_permission`
--

DROP TABLE IF EXISTS `sf_guard_permission`;
/*!40101 SET @saved_cs_client     = @@character_set_client */;
/*!40101 SET character_set_client = utf8 */;
CREATE TABLE `sf_guard_permission` (
  `id` bigint(20) NOT NULL AUTO_INCREMENT,
  `name` varchar(255) DEFAULT NULL,
  `description` text,
  `created_at` datetime NOT NULL,
  `updated_at` datetime NOT NULL,
  PRIMARY KEY (`id`),
  UNIQUE KEY `name` (`name`)
) ENGINE=InnoDB DEFAULT CHARSET=latin1;
/*!40101 SET character_set_client = @saved_cs_client */;

--
-- Dumping data for table `sf_guard_permission`
--

LOCK TABLES `sf_guard_permission` WRITE;
/*!40000 ALTER TABLE `sf_guard_permission` DISABLE KEYS */;
/*!40000 ALTER TABLE `sf_guard_permission` ENABLE KEYS */;
UNLOCK TABLES;

--
-- Table structure for table `sf_guard_remember_key`
--

DROP TABLE IF EXISTS `sf_guard_remember_key`;
/*!40101 SET @saved_cs_client     = @@character_set_client */;
/*!40101 SET character_set_client = utf8 */;
CREATE TABLE `sf_guard_remember_key` (
  `id` bigint(20) NOT NULL AUTO_INCREMENT,
  `user_id` bigint(20) DEFAULT NULL,
  `remember_key` varchar(32) DEFAULT NULL,
  `ip_address` varchar(50) DEFAULT NULL,
  `created_at` datetime NOT NULL,
  `updated_at` datetime NOT NULL,
  PRIMARY KEY (`id`),
  KEY `user_id_idx` (`user_id`),
  CONSTRAINT `sf_guard_remember_key_user_id_sf_guard_user_id` FOREIGN KEY (`user_id`) REFERENCES `sf_guard_user` (`id`) ON DELETE CASCADE
) ENGINE=InnoDB AUTO_INCREMENT=14 DEFAULT CHARSET=latin1;
/*!40101 SET character_set_client = @saved_cs_client */;

--
-- Dumping data for table `sf_guard_remember_key`
--

LOCK TABLES `sf_guard_remember_key` WRITE;
/*!40000 ALTER TABLE `sf_guard_remember_key` DISABLE KEYS */;
INSERT INTO `sf_guard_remember_key` VALUES (13,1,'2o8uqsbou7ggc080o04s8s4soo8c4kc','186.124.124.250','2012-05-03 15:09:15','2012-05-03 15:09:15');
/*!40000 ALTER TABLE `sf_guard_remember_key` ENABLE KEYS */;
UNLOCK TABLES;

--
-- Table structure for table `sf_guard_user`
--

DROP TABLE IF EXISTS `sf_guard_user`;
/*!40101 SET @saved_cs_client     = @@character_set_client */;
/*!40101 SET character_set_client = utf8 */;
CREATE TABLE `sf_guard_user` (
  `id` bigint(20) NOT NULL AUTO_INCREMENT,
  `first_name` varchar(255) DEFAULT NULL,
  `last_name` varchar(255) DEFAULT NULL,
  `email_address` varchar(255) NOT NULL,
  `username` varchar(128) NOT NULL,
  `algorithm` varchar(128) NOT NULL DEFAULT 'sha1',
  `salt` varchar(128) DEFAULT NULL,
  `password` varchar(128) DEFAULT NULL,
  `is_active` tinyint(1) DEFAULT '1',
  `is_super_admin` tinyint(1) DEFAULT '0',
  `last_login` datetime DEFAULT NULL,
  `created_at` datetime NOT NULL,
  `updated_at` datetime NOT NULL,
  PRIMARY KEY (`id`),
  UNIQUE KEY `email_address` (`email_address`),
  UNIQUE KEY `username` (`username`),
  KEY `is_active_idx_idx` (`is_active`)
) ENGINE=InnoDB AUTO_INCREMENT=7 DEFAULT CHARSET=latin1;
/*!40101 SET character_set_client = @saved_cs_client */;

--
-- Dumping data for table `sf_guard_user`
--

LOCK TABLES `sf_guard_user` WRITE;
/*!40000 ALTER TABLE `sf_guard_user` DISABLE KEYS */;
INSERT INTO `sf_guard_user` VALUES (1,NULL,NULL,'admin@example.org','admin@example.org','sha1','a2abf20e545f93a7a9ba56528ad98495','6b90c0945080ade69e024353bd55838a0c1d593d',1,1,'2012-05-03 15:09:15','2011-05-14 16:55:56','2012-05-03 15:09:15'),(2,'Diego','Dorado','diego@cooph.com','diego','sha1','dfaef5e9dc078b7e59f52292654d2f4b','9b58824b84188476c4ecfdb16f94cb6f869995a7',1,0,'2011-06-08 14:22:05','2011-05-22 19:13:22','2011-06-08 15:49:21'),(3,'diego','dorado','diego@cooph.co','diegod','sha1','d5ef628507b2695c0495ec1d67f78956','c0525b7343bb5002cd53ae5465e2c7aee5a84a46',1,0,'2011-06-08 15:53:38','2011-06-08 15:51:24','2011-06-08 15:53:38'),(5,'Angel','Crego','angelcrego@gmail.com','angelcrego@gmail.com','sha1','2ae6ad24f21bd4ce52a995abe997c655','060c85176beb91221ed54b94198919ef8d94d57d',1,1,'2012-05-03 17:47:13','2011-11-08 15:11:51','2012-05-03 17:47:13'),(6,'juan','pereyra','juanjosepereyra01@gmail.com','juanjosepereyra01@gmail.com','sha1','58b24bb2fe61cdc8ad2714bdb8210f86','2c9c0e6ae569069e909fd1852a577885a274c571',1,0,'2012-05-08 18:54:09','2012-05-08 18:54:09','2012-05-08 18:54:09');
/*!40000 ALTER TABLE `sf_guard_user` ENABLE KEYS */;
UNLOCK TABLES;

--
-- Table structure for table `sf_guard_user_group`
--

DROP TABLE IF EXISTS `sf_guard_user_group`;
/*!40101 SET @saved_cs_client     = @@character_set_client */;
/*!40101 SET character_set_client = utf8 */;
CREATE TABLE `sf_guard_user_group` (
  `user_id` bigint(20) NOT NULL DEFAULT '0',
  `group_id` bigint(20) NOT NULL DEFAULT '0',
  `created_at` datetime NOT NULL,
  `updated_at` datetime NOT NULL,
  PRIMARY KEY (`user_id`,`group_id`),
  KEY `sf_guard_user_group_group_id_sf_guard_group_id` (`group_id`),
  CONSTRAINT `sf_guard_user_group_group_id_sf_guard_group_id` FOREIGN KEY (`group_id`) REFERENCES `sf_guard_group` (`id`) ON DELETE CASCADE,
  CONSTRAINT `sf_guard_user_group_user_id_sf_guard_user_id` FOREIGN KEY (`user_id`) REFERENCES `sf_guard_user` (`id`) ON DELETE CASCADE
) ENGINE=InnoDB DEFAULT CHARSET=latin1;
/*!40101 SET character_set_client = @saved_cs_client */;

--
-- Dumping data for table `sf_guard_user_group`
--

LOCK TABLES `sf_guard_user_group` WRITE;
/*!40000 ALTER TABLE `sf_guard_user_group` DISABLE KEYS */;
/*!40000 ALTER TABLE `sf_guard_user_group` ENABLE KEYS */;
UNLOCK TABLES;

--
-- Table structure for table `sf_guard_user_permission`
--

DROP TABLE IF EXISTS `sf_guard_user_permission`;
/*!40101 SET @saved_cs_client     = @@character_set_client */;
/*!40101 SET character_set_client = utf8 */;
CREATE TABLE `sf_guard_user_permission` (
  `user_id` bigint(20) NOT NULL DEFAULT '0',
  `permission_id` bigint(20) NOT NULL DEFAULT '0',
  `created_at` datetime NOT NULL,
  `updated_at` datetime NOT NULL,
  PRIMARY KEY (`user_id`,`permission_id`),
  KEY `sf_guard_user_permission_permission_id_sf_guard_permission_id` (`permission_id`),
  CONSTRAINT `sf_guard_user_permission_permission_id_sf_guard_permission_id` FOREIGN KEY (`permission_id`) REFERENCES `sf_guard_permission` (`id`) ON DELETE CASCADE,
  CONSTRAINT `sf_guard_user_permission_user_id_sf_guard_user_id` FOREIGN KEY (`user_id`) REFERENCES `sf_guard_user` (`id`) ON DELETE CASCADE
) ENGINE=InnoDB DEFAULT CHARSET=latin1;
/*!40101 SET character_set_client = @saved_cs_client */;

--
-- Dumping data for table `sf_guard_user_permission`
--

LOCK TABLES `sf_guard_user_permission` WRITE;
/*!40000 ALTER TABLE `sf_guard_user_permission` DISABLE KEYS */;
/*!40000 ALTER TABLE `sf_guard_user_permission` ENABLE KEYS */;
UNLOCK TABLES;
/*!40103 SET TIME_ZONE=@OLD_TIME_ZONE */;

/*!40101 SET SQL_MODE=@OLD_SQL_MODE */;
/*!40014 SET FOREIGN_KEY_CHECKS=@OLD_FOREIGN_KEY_CHECKS */;
/*!40014 SET UNIQUE_CHECKS=@OLD_UNIQUE_CHECKS */;
/*!40101 SET CHARACTER_SET_CLIENT=@OLD_CHARACTER_SET_CLIENT */;
/*!40101 SET CHARACTER_SET_RESULTS=@OLD_CHARACTER_SET_RESULTS */;
/*!40101 SET COLLATION_CONNECTION=@OLD_COLLATION_CONNECTION */;
/*!40111 SET SQL_NOTES=@OLD_SQL_NOTES */;

-- Dump completed on 2012-05-10 11:21:37
